-- MySQL dump 10.13  Distrib 8.0.41, for Linux (x86_64)
--
-- Host: localhost    Database: mms
-- ------------------------------------------------------
-- Server version	8.0.41

/*!40101 SET @OLD_CHARACTER_SET_CLIENT=@@CHARACTER_SET_CLIENT */;
/*!40101 SET @OLD_CHARACTER_SET_RESULTS=@@CHARACTER_SET_RESULTS */;
/*!40101 SET @OLD_COLLATION_CONNECTION=@@COLLATION_CONNECTION */;
/*!50503 SET NAMES utf8mb4 */;
/*!40103 SET @OLD_TIME_ZONE=@@TIME_ZONE */;
/*!40103 SET TIME_ZONE='+00:00' */;
/*!40014 SET @OLD_UNIQUE_CHECKS=@@UNIQUE_CHECKS, UNIQUE_CHECKS=0 */;
/*!40014 SET @OLD_FOREIGN_KEY_CHECKS=@@FOREIGN_KEY_CHECKS, FOREIGN_KEY_CHECKS=0 */;
/*!40101 SET @OLD_SQL_MODE=@@SQL_MODE, SQL_MODE='NO_AUTO_VALUE_ON_ZERO' */;
/*!40111 SET @OLD_SQL_NOTES=@@SQL_NOTES, SQL_NOTES=0 */;

--
-- Current Database: `mms`
--

CREATE DATABASE /*!32312 IF NOT EXISTS*/ `mms` /*!40100 DEFAULT CHARACTER SET utf8mb4 COLLATE utf8mb4_general_ci */ /*!80016 DEFAULT ENCRYPTION='N' */;

USE `mms`;

--
-- Table structure for table `api_log`
--

DROP TABLE IF EXISTS `api_log`;
/*!40101 SET @saved_cs_client     = @@character_set_client */;
/*!50503 SET character_set_client = utf8mb4 */;
CREATE TABLE `api_log` (
  `api_log_id` int NOT NULL AUTO_INCREMENT,
  `user_id` int NOT NULL,
  `api_url` varchar(50) NOT NULL,
  `ip_address` varchar(50) NOT NULL,
  `request_id` varchar(30) NOT NULL,
  `response_status` char(1) DEFAULT NULL,
  `response_comments` varchar(100) DEFAULT NULL,
  `response_date` timestamp NOT NULL DEFAULT '0000-00-00 00:00:00',
  `api_log_status` char(1) NOT NULL,
  `api_log_entry_date` timestamp NOT NULL DEFAULT '0000-00-00 00:00:00',
  PRIMARY KEY (`api_log_id`),
  KEY `user_id` (`user_id`)
) ENGINE=InnoDB AUTO_INCREMENT=661 DEFAULT CHARSET=utf8mb3;
/*!40101 SET character_set_client = @saved_cs_client */;

--
-- Dumping data for table `api_log`
--

LOCK TABLES `api_log` WRITE;
/*!40000 ALTER TABLE `api_log` DISABLE KEYS */;
INSERT INTO `api_log` VALUES (3,1,'/user/change_password','undefined','kjscnek','F','Token expired','2024-06-12 12:27:05','Y','2024-06-12 12:27:05'),(4,1,'/logout','undefined','djvbn','F','Error Occurred.','2024-06-12 12:37:30','Y','2024-06-12 12:34:53'),(5,1,'/logout','undefined','djvbn','F','Error Occurred.','2024-06-12 12:37:30','Y','2024-06-12 12:37:30'),(6,1,'/login','undefined','ncdvdn','F','Error Occurred.','2024-06-12 12:55:07','Y','2024-06-12 12:55:07'),(7,1,'/login','undefined','ncdvdn','F','Request already processed','2024-06-12 12:56:41','Y','2024-06-12 12:56:41'),(8,1,'/login','undefined','sjfcsdj','F','Error Occurred.','2024-06-12 12:56:48','Y','2024-06-12 12:56:48'),(9,1,'/login','undefined','sjfcsdj','F','Request already processed','2024-06-12 12:58:28','Y','2024-06-12 12:58:28'),(10,1,'/login','undefined','djhvcvjhd','F','Invalid Password. Kindly try again with the valid details!','2024-06-12 12:58:39','Y','2024-06-12 12:58:39'),(11,1,'/login','undefined','djfreuvr','S','Success','2024-06-12 12:58:59','Y','2024-06-12 12:58:59'),(12,1,'/login','undefined','djfreuvr','F','Request already processed','2024-06-13 04:08:58','Y','2024-06-13 04:08:58'),(13,1,'/login','undefined','djfhbcvdhjkv','S','Success','2024-06-13 04:09:04','Y','2024-06-13 04:09:04'),(14,1,'/logout','undefined','djvbn','F','Request already processed','2024-06-13 04:24:17','Y','2024-06-13 04:24:17'),(15,1,'/logout','undefined','fjdvcnj','F','Error Occurred.','2024-06-13 04:24:24','Y','2024-06-13 04:24:24'),(16,1,'/logout','undefined','sjkdb','S','Success','2024-06-13 04:26:21','Y','2024-06-13 04:26:21'),(19,0,'/user/change_password','undefined','icjdn','F','Invalid token','2024-06-13 04:36:54','Y','2024-06-13 04:36:54'),(20,1,'/login','undefined','ljfdjbvbvrli','S','Success','2024-06-13 04:37:56','Y','2024-06-13 04:37:56'),(21,0,'/user/change_password','undefined','icjdn','F','Request already processed','2024-06-13 04:38:39','Y','2024-06-13 04:38:39'),(22,1,'/user/change_password','undefined','ekfjcevkl','F','Token expired','2024-06-13 04:38:46','Y','2024-06-13 04:38:46'),(23,0,'/user/change_password','undefined','ekfjwkjxbcevkl','F','Invalid token','2024-06-13 04:39:39','Y','2024-06-13 04:39:39'),(24,0,'/user/change_password','undefined','ekfjwkjxbcevkl','F','Request already processed','2024-06-13 04:40:52','Y','2024-06-13 04:40:52'),(25,1,'/user/change_password','undefined','jkdxwnx','F','Token expired','2024-06-13 04:41:07','Y','2024-06-13 04:41:07'),(26,1,'/login','undefined','djvbdjv','S','Success','2024-06-13 04:41:25','Y','2024-06-13 04:41:25'),(27,1,'/user/change_password','undefined','kdvjb','F','Token expired','2024-06-13 04:42:08','Y','2024-06-13 04:42:08'),(28,1,'/user/change_password','undefined','dfurlv','F','Token expired','2024-06-13 04:47:34','Y','2024-06-13 04:47:34'),(29,1,'/user/change_password','undefined','hjjvhj','N','-','0000-00-00 00:00:00','Y','2024-06-13 04:49:54'),(30,1,'/login','undefined','djvkbdjv','F','Invalid Password. Kindly try again with the valid details!','2024-06-13 04:50:13','Y','2024-06-13 04:50:13'),(31,1,'/login','undefined','djvkdjkcbdjv','S','Success','2024-06-13 04:50:27','Y','2024-06-13 04:50:27'),(32,1,'/user/dashbord_change','undefined','undefined','F','Error occurred','2024-06-13 07:09:10','Y','2024-06-13 04:51:56'),(33,1,'/user/today_report','undefined','undefined','F','Error occurred','2024-06-13 07:09:10','Y','2024-06-13 06:03:14'),(34,1,'/user/today_report','undefined','undefined','F','Error occurred','2024-06-13 07:09:10','Y','2024-06-13 06:11:08'),(35,1,'/user/today_report','undefined','undefined','F','Error occurred','2024-06-13 07:09:10','Y','2024-06-13 06:16:47'),(36,1,'/user/today_report','undefined','undefined','F','Error occurred','2024-06-13 07:09:10','Y','2024-06-13 06:27:35'),(37,1,'/user/today_report','undefined','undefined','F','Error occurred','2024-06-13 07:09:10','Y','2024-06-13 06:34:06'),(38,1,'/user/today_report','undefined','undefined','F','Error occurred','2024-06-13 07:09:10','Y','2024-06-13 06:36:36'),(39,1,'/user/today_report','undefined','undefined','F','Error occurred','2024-06-13 07:09:10','Y','2024-06-13 06:39:00'),(40,0,'/user/ltd_report','undefined','undefined','F','Request already processed','2024-06-13 07:10:13','Y','2024-06-13 07:10:13'),(41,1,'/user/ltd_report','undefined','gnbldfdkwr','F','Invalid token or User ID','2024-06-13 07:47:28','Y','2024-06-13 07:12:18'),(42,1,'/user/ltd_report','undefined','gnbldfdkwr','F','Invalid token or User ID','2024-06-13 07:47:28','Y','2024-06-13 07:13:57'),(43,1,'/user/ltd_report','undefined','gnbldfdkwr','F','Invalid token or User ID','2024-06-13 07:47:28','Y','2024-06-13 07:17:45'),(44,1,'/user/ltd_report','undefined','gnbldfdkwr','F','Invalid token or User ID','2024-06-13 07:47:28','Y','2024-06-13 07:21:34'),(45,1,'/user/ltd_report','undefined','gnbldfdkwr','F','Invalid token or User ID','2024-06-13 07:47:28','Y','2024-06-13 07:25:18'),(46,1,'/user/ltd_report','undefined','gnbldfdkwr','F','Invalid token or User ID','2024-06-13 07:47:28','Y','2024-06-13 07:31:10'),(47,1,'/user/ltd_report','undefined','gnbldfdkwr','F','Invalid token or User ID','2024-06-13 07:47:28','Y','2024-06-13 07:40:37'),(48,1,'/user/ltd_report','undefined','gnbldfdkwr','F','Invalid token or User ID','2024-06-13 07:47:28','Y','2024-06-13 07:45:11'),(49,1,'/user/ltd_report','undefined','gnbldfdkwr','F','Invalid token or User ID','2024-06-13 07:47:28','Y','2024-06-13 07:45:24'),(50,0,'/user/ltd_report','undefined','gnbldfdkwr','F','Invalid token or User ID','2024-06-13 07:47:28','Y','2024-06-13 07:47:28'),(51,0,'/user/ltd_report','undefined','gnbldfdkwr','F','Request already processed','2024-06-13 07:47:45','Y','2024-06-13 07:47:45'),(52,1,'/user/ltd_report','undefined','dejhvblcledhbv','N','-','0000-00-00 00:00:00','Y','2024-06-13 07:47:53'),(53,1,'/user/ltd_report','undefined','dejhvblcledhbv','N','-','0000-00-00 00:00:00','Y','2024-06-13 07:50:07'),(54,1,'/user/ltd_report','undefined','dejhvblcledhbv','N','-','0000-00-00 00:00:00','Y','2024-06-13 07:56:21'),(55,1,'/user/ltd_report','undefined','dejhvblcledhbv','N','-','0000-00-00 00:00:00','Y','2024-06-13 08:03:35'),(56,0,'/user/today_report','undefined','undefined','F','Request already processed','2024-06-13 09:41:39','Y','2024-06-13 09:41:39'),(59,0,'/user/ltd_report','undefined','vjdbl','F','Error occurred','2024-06-13 11:03:58','Y','2024-06-13 11:03:58'),(60,0,'/user/ltd_report','undefined','vjdbl','F','Request already processed','2024-06-13 11:05:02','Y','2024-06-13 11:05:02'),(61,1,'/user/ltd_report','undefined','kfvnldknbv','N','-','0000-00-00 00:00:00','Y','2024-06-13 11:05:12'),(62,1,'/user/ltd_report','undefined','kfvnldknbv','N','-','0000-00-00 00:00:00','Y','2024-06-13 11:05:41'),(63,1,'/user/ltd_report','undefined','kfvnldknbv','N','-','0000-00-00 00:00:00','Y','2024-06-13 11:07:18'),(64,1,'/user/ltd_report','undefined','kfvnldknbv','N','-','0000-00-00 00:00:00','Y','2024-06-13 11:08:09'),(65,1,'/user/ltd_report','undefined','kfvnldknbv','N','-','0000-00-00 00:00:00','Y','2024-06-13 11:09:21'),(66,1,'/user/ltd_report','undefined','kfvnldknbv','N','-','0000-00-00 00:00:00','Y','2024-06-13 11:09:49'),(67,1,'/user/ltd_report','undefined','kfvnldknbv','N','-','0000-00-00 00:00:00','Y','2024-06-13 11:11:47'),(68,1,'/user/ltd_report','undefined','kfvnldknbv','N','-','0000-00-00 00:00:00','Y','2024-06-13 11:14:20'),(69,1,'/user/ltd_report','undefined','kfvnldknbv','N','-','0000-00-00 00:00:00','Y','2024-06-13 11:14:41'),(70,1,'/user/ltd_report','undefined','jcfevh;','N','-','0000-00-00 00:00:00','Y','2024-06-13 11:14:47'),(71,1,'/user/ltd_report','undefined','jcfevh;','N','-','0000-00-00 00:00:00','Y','2024-06-13 11:16:30'),(72,1,'/user/ltd_report','undefined','jcfevh;','N','-','0000-00-00 00:00:00','Y','2024-06-13 11:16:50'),(73,1,'/user/ltd_report','undefined','jcfevh;','N','-','0000-00-00 00:00:00','Y','2024-06-13 11:22:37'),(74,1,'/user/ltd_report','undefined','jcfevh;','N','-','0000-00-00 00:00:00','Y','2024-06-13 11:23:29'),(75,1,'/user/ltd_report','undefined','jcfevh;','N','-','0000-00-00 00:00:00','Y','2024-06-13 11:24:07'),(76,1,'/user/ltd_report','undefined','jcfevh;','N','-','0000-00-00 00:00:00','Y','2024-06-13 11:25:50'),(77,1,'/user/ltd_report','undefined','jcfevh;','N','-','0000-00-00 00:00:00','Y','2024-06-13 11:29:27'),(78,0,'/user/ltd_report','undefined','undefined','F','Request already processed','2024-06-13 11:34:44','Y','2024-06-13 11:34:44'),(79,1,'/user/ltd_report','undefined','jcfevh;','N','-','0000-00-00 00:00:00','Y','2024-06-13 11:37:20'),(80,1,'/user/ltd_report','undefined','jcfevh;','N','-','0000-00-00 00:00:00','Y','2024-06-13 11:40:07'),(81,1,'/user/ltd_report','undefined','jcfevh;','N','-','0000-00-00 00:00:00','Y','2024-06-13 11:40:21'),(82,1,'/user/ltd_report','undefined','jcfevh;','N','-','0000-00-00 00:00:00','Y','2024-06-13 11:40:31'),(83,1,'/user/ltd_report','undefined','jcfevh;','N','-','0000-00-00 00:00:00','Y','2024-06-13 11:41:01'),(84,1,'/user/ltd_report','undefined','jcfevh;','N','-','0000-00-00 00:00:00','Y','2024-06-13 11:41:26'),(85,0,'/user/ltd_report','undefined','undefined','F','Request already processed','2024-06-13 11:42:03','Y','2024-06-13 11:42:03'),(86,0,'/user/ltd_report','undefined','undefined','F','Request already processed','2024-06-13 11:44:13','Y','2024-06-13 11:44:13'),(87,0,'/user/ltd_report','undefined','undefined','F','Request already processed','2024-06-13 11:44:34','Y','2024-06-13 11:44:34'),(88,1,'/login','undefined','djvkdjkcbdjv','F','Request already processed','2024-06-14 06:32:30','Y','2024-06-14 06:32:30'),(89,1,'/login','undefined','i am naga','S','Success','2024-06-14 06:32:40','Y','2024-06-14 06:32:40'),(90,1,'/user/change_password','undefined','hjjvhj','N','-','0000-00-00 00:00:00','Y','2024-06-14 06:33:27'),(91,0,'/user/camera_check/','undefined','i am naga','F','Request already processed','2024-06-14 06:34:49','Y','2024-06-14 06:34:49'),(92,1,'/user/camera_check/','undefined','naga','N','-','0000-00-00 00:00:00','Y','2024-06-14 06:34:56'),(93,0,'/user/dashbord_change','undefined','undefined','F','Request already processed','2024-06-14 06:35:09','Y','2024-06-14 06:35:09'),(94,0,'/user/dashbord_change','undefined','undefined','F','Request already processed','2024-06-14 06:36:07','Y','2024-06-14 06:36:07'),(95,1,'/logout','undefined','svddfvws','S','Success','2024-06-14 07:17:10','Y','2024-06-14 07:17:10'),(96,0,'/logout','undefined','ekjcfnjdjd','F','Invalid token or User ID','2024-06-14 07:20:20','Y','2024-06-14 07:20:20'),(97,0,'/login','undefined','i am naga','F','Request already processed','2024-06-14 07:20:43','Y','2024-06-14 07:20:43'),(98,0,'/login','undefined','iam naga','F','Token is required','2024-06-14 07:20:55','Y','2024-06-14 07:20:55'),(99,0,'/login','undefined','cdjvdbj','F','Token is required','2024-06-14 07:21:07','Y','2024-06-14 07:21:07'),(100,0,'/login','undefined','cdjvdbj','F','Request already processed','2024-06-14 07:21:44','Y','2024-06-14 07:21:44'),(101,0,'/login','undefined','ckjdbndjkvv','F','Token is required','2024-06-14 07:21:49','Y','2024-06-14 07:21:49'),(102,0,'/login','undefined','ckjdbndjkvv','F','Request already processed','2024-06-14 07:22:31','Y','2024-06-14 07:22:31'),(103,0,'/login','undefined','djshcvbdw','F','Invalid token','2024-06-14 07:22:37','Y','2024-06-14 07:22:37'),(104,0,'/logout','undefined','xavdvdv','F','Invalid token or User ID','2024-06-14 07:23:18','Y','2024-06-14 07:23:18'),(105,0,'/login','undefined','djshsn cvbdw','F','Invalid token','2024-06-14 07:23:28','Y','2024-06-14 07:23:28'),(106,0,'/login','undefined','djshsn cvbdw','F','Request already processed','2024-06-14 07:23:38','Y','2024-06-14 07:23:38'),(107,0,'/login','undefined','djshsncvbdw','F','Invalid token','2024-06-14 07:23:41','Y','2024-06-14 07:23:41'),(108,0,'/login','undefined','xcdjhlvbl','F','Token is required','2024-06-14 07:24:09','Y','2024-06-14 07:24:09'),(109,1,'/login','undefined','xcdjhlvbl','F','Request already processed','2024-06-14 07:26:12','Y','2024-06-14 07:26:12'),(110,1,'/login','undefined','wjchbejh','S','Success','2024-06-14 07:26:17','Y','2024-06-14 07:26:17'),(111,1,'/logout','undefined','dkjc vnb;','S','Success','2024-06-14 07:36:07','Y','2024-06-14 07:35:44'),(112,1,'/logout','undefined','dkjc vnb;','S','Success','2024-06-14 07:36:07','Y','2024-06-14 07:36:07'),(113,1,'/logout','undefined','dkjc vnb;','S','Success','2024-06-14 07:36:07','Y','2024-06-14 07:36:07'),(114,1,'/login','undefined','KJDFCED','S','Success','2024-06-14 07:36:55','Y','2024-06-14 07:36:55'),(115,1,'/user/change_password','undefined','cdkbvj','N','-','0000-00-00 00:00:00','Y','2024-06-14 09:33:20'),(116,1,'/user/change_password','undefined','efjrn;o','N','-','0000-00-00 00:00:00','Y','2024-06-14 09:33:52'),(117,1,'/login','undefined','feere','F','Invalid Password. Kindly try again with the valid details!','2024-06-14 10:02:48','Y','2024-06-14 10:02:48'),(118,1,'/login','undefined','f4rfrf','S','Success','2024-06-14 10:03:04','Y','2024-06-14 10:03:03'),(119,1,'/login','undefined','f4rfrf','F','Request already processed','2024-06-14 10:20:07','Y','2024-06-14 10:20:07'),(120,1,'/login','undefined','f4rfrf','F','Request already processed','2024-06-14 10:30:05','Y','2024-06-14 10:30:05'),(121,1,'/login','undefined','f4rehjcfbherfrf','S','Success','2024-06-14 10:30:30','Y','2024-06-14 10:30:30'),(122,1,'/login','undefined','2024165161503_3832','S','Success','2024-06-14 10:45:04','Y','2024-06-14 10:45:03'),(123,1,'/login','undefined','2024165161641_2638','S','Success','2024-06-14 10:46:41','Y','2024-06-14 10:46:41'),(124,1,'/login','undefined','2024165162644_7256','S','Success','2024-06-14 10:56:44','Y','2024-06-14 10:56:44'),(125,1,'/login','undefined','2024165164422_6463','S','Success','2024-06-14 11:14:23','Y','2024-06-14 11:14:22'),(126,1,'/login','undefined','2024165164433_3891','S','Success','2024-06-14 11:14:33','Y','2024-06-14 11:14:33'),(127,1,'/login','undefined','2024165164438_2450','S','Success','2024-06-14 11:14:38','Y','2024-06-14 11:14:38'),(128,1,'/login','undefined','2024165164449_3318','S','Success','2024-06-14 11:14:49','Y','2024-06-14 11:14:49'),(129,1,'/login','undefined','2024165164716_4655','S','Success','2024-06-14 11:17:16','Y','2024-06-14 11:17:16'),(130,1,'/login','undefined','2024165164800_5153','S','Success','2024-06-14 11:18:00','Y','2024-06-14 11:18:00'),(131,1,'/login','undefined','2024165165135_7422','S','Success','2024-06-14 11:21:35','Y','2024-06-14 11:21:35'),(132,1,'/login','undefined','2024165170335_4917','S','Success','2024-06-14 11:33:35','Y','2024-06-14 11:33:35'),(133,1,'/login','undefined','2024165170341_3379','S','Success','2024-06-14 11:33:41','Y','2024-06-14 11:33:41'),(134,1,'/login','undefined','2024165170532_6868','S','Success','2024-06-14 11:35:32','Y','2024-06-14 11:35:32'),(135,1,'/login','undefined','2024165170536_2841','S','Success','2024-06-14 11:35:36','Y','2024-06-14 11:35:36'),(136,1,'/login','undefined','2024165171612_7822','S','Success','2024-06-14 11:46:12','Y','2024-06-14 11:46:12'),(137,1,'/login','undefined','2024165182103_6512','S','Success','2024-06-14 12:51:03','Y','2024-06-14 12:51:03'),(138,1,'/login','undefined','2024165182157_1782','S','Success','2024-06-14 12:51:57','Y','2024-06-14 12:51:57'),(139,1,'/login','undefined','2024165182333_7310','S','Success','2024-06-14 12:53:33','Y','2024-06-14 12:53:33'),(140,1,'/login','undefined','2024165182423_5991','S','Success','2024-06-14 12:54:23','Y','2024-06-14 12:54:23'),(141,1,'/login','undefined','2024165183218_8872','S','Success','2024-06-14 13:02:18','Y','2024-06-14 13:02:18'),(142,1,'/login','undefined','2024165183433_7621','S','Success','2024-06-14 13:04:33','Y','2024-06-14 13:04:33'),(143,0,'/user/change_password','undefined','jedhfvrjhle','F','Invalid token','2024-06-14 13:06:03','Y','2024-06-14 13:06:03'),(144,0,'/user/change_password','undefined','jedhfvrjhle','F','Request already processed','2024-06-14 13:06:46','Y','2024-06-14 13:06:46'),(145,0,'/user/change_password','undefined','whfbcehwkv','F','Invalid token','2024-06-14 13:06:52','Y','2024-06-14 13:06:52'),(146,0,'/user/change_password','undefined','wfkje','F','Invalid token','2024-06-14 13:07:16','Y','2024-06-14 13:07:16'),(147,1,'/login','undefined','dfnc dkvr','S','Success','2024-06-14 13:07:53','Y','2024-06-14 13:07:53'),(148,1,'/user/change_password','undefined','ekljefjrbh','N','-','0000-00-00 00:00:00','Y','2024-06-14 13:08:22'),(149,1,'/login','undefined','2024165184037_3930','F','Invalid Password. Kindly try again with the valid details!','2024-06-14 13:10:37','Y','2024-06-14 13:10:37'),(150,1,'/login','undefined','2024165184045_8449','S','Success','2024-06-14 13:10:45','Y','2024-06-14 13:10:45'),(151,1,'/login','undefined','2024166100025_9226','F','Invalid Password. Kindly try again with the valid details!','2024-06-15 04:30:25','Y','2024-06-15 04:30:25'),(152,1,'/login','undefined','2024166100101_2868','S','Success','2024-06-15 04:31:01','Y','2024-06-15 04:31:01'),(153,1,'/login','undefined','dvdhfrvh','S','Success','2024-06-15 05:06:53','Y','2024-06-15 05:06:53'),(154,1,'/login','undefined','6234069806','F','Invalid Password. Kindly try again with the valid details!','2024-07-19 07:21:15','Y','2024-07-19 07:21:15'),(155,1,'/login','undefined','7290443154','F','Invalid Password. Kindly try again with the valid details!','2024-07-19 07:21:31','Y','2024-07-19 07:21:31'),(156,1,'/login','undefined','3628500181','F','Invalid Password. Kindly try again with the valid details!','2024-07-19 07:22:09','Y','2024-07-19 07:22:09'),(157,1,'/login','undefined','5334433568','S','Success','2024-07-19 07:24:45','Y','2024-07-19 07:24:45'),(158,1,'/login','undefined','8140064297','S','Success','2024-07-19 07:36:44','Y','2024-07-19 07:36:44'),(159,1,'/logout','undefined','1_2024200130734_1871','S','Success','2024-07-19 07:37:35','Y','2024-07-19 07:37:34'),(160,1,'/logout','undefined','1_2024200130734_1871','S','Success','2024-07-19 07:37:35','Y','2024-07-19 07:37:35'),(161,1,'/login','undefined','5487667814','S','Success','2024-07-19 07:37:49','Y','2024-07-19 07:37:49'),(162,1,'/logout','undefined','1_2024200130852_4089','S','Success','2024-07-19 07:38:52','Y','2024-07-19 07:38:52'),(163,1,'/logout','undefined','1_2024200130852_4089','S','Success','2024-07-19 07:38:52','Y','2024-07-19 07:38:52'),(164,1,'/login','undefined','6879981094','S','Success','2024-07-19 07:39:12','Y','2024-07-19 07:39:12'),(165,1,'/logout','undefined','1_2024200131019_4289','S','Success','2024-07-19 07:40:19','Y','2024-07-19 07:40:19'),(166,1,'/logout','undefined','1_2024200131019_4289','S','Success','2024-07-19 07:40:19','Y','2024-07-19 07:40:19'),(167,1,'/login','undefined','7595793038','F','Invalid User. Kindly try again with the valid User!','2024-07-19 07:40:29','Y','2024-07-19 07:40:28'),(168,1,'/login','undefined','2722038040','S','Success','2024-07-19 07:40:47','Y','2024-07-19 07:40:47'),(169,1,'/logout','undefined','1_2024200131143_2038','S','Success','2024-07-19 07:41:43','Y','2024-07-19 07:41:43'),(170,1,'/logout','undefined','1_2024200131143_2038','S','Success','2024-07-19 07:41:43','Y','2024-07-19 07:41:43'),(171,1,'/login','undefined','9232984746','F','Invalid User. Kindly try again with the valid User!','2024-07-19 07:41:53','Y','2024-07-19 07:41:53'),(172,1,'/login','undefined','8674219250','S','Success','2024-07-19 07:42:59','Y','2024-07-19 07:42:59'),(173,1,'/logout','undefined','1_2024200133237_6600','S','Success','2024-07-19 08:02:37','Y','2024-07-19 08:02:37'),(174,1,'/logout','undefined','1_2024200133237_6600','S','Success','2024-07-19 08:02:37','Y','2024-07-19 08:02:37'),(175,1,'/login','undefined','1846944744','S','Success','2024-07-19 09:04:10','Y','2024-07-19 09:04:10'),(176,1,'/login','undefined','9915261761','S','Success','2024-07-19 09:07:42','Y','2024-07-19 09:07:42'),(177,1,'/logout','undefined','1_2024200143956_1876','S','Success','2024-07-19 09:09:56','Y','2024-07-19 09:09:56'),(178,1,'/logout','undefined','1_2024200143956_1876','S','Success','2024-07-19 09:09:56','Y','2024-07-19 09:09:56'),(179,1,'/login','undefined','8712945302','S','Success','2024-07-19 09:10:09','Y','2024-07-19 09:10:08'),(180,1,'/login','undefined','5356384518','S','Success','2024-07-19 09:52:32','Y','2024-07-19 09:52:32'),(181,1,'/logout','undefined','1_2024200152302_7703','F','Invalid Token','2024-07-19 09:53:02','Y','2024-07-19 09:53:02'),(182,1,'/logout','undefined','1_2024200152302_7703','F','Invalid Token','2024-07-19 09:53:02','Y','2024-07-19 09:53:02'),(183,1,'/login','undefined','8706456176','S','Success','2024-07-19 09:53:46','Y','2024-07-19 09:53:46'),(184,1,'/logout','undefined','1_2024200152358_2857','F','Invalid Token','2024-07-19 09:53:58','Y','2024-07-19 09:53:58'),(185,1,'/logout','undefined','1_2024200152358_2857','F','Invalid Token','2024-07-19 09:53:58','Y','2024-07-19 09:53:58'),(186,1,'/login','undefined','7999794532','F','Invalid User. Kindly try again with the valid User!','2024-07-19 09:54:12','Y','2024-07-19 09:54:12'),(187,1,'/login','undefined','7348586349','F','Invalid User. Kindly try again with the valid User!','2024-07-19 09:54:20','Y','2024-07-19 09:54:20'),(188,1,'/login','undefined','2999438150','F','Invalid User. Kindly try again with the valid User!','2024-07-19 09:54:27','Y','2024-07-19 09:54:27'),(189,1,'/login','undefined','3036738912','S','Success','2024-07-19 09:54:46','Y','2024-07-19 09:54:46'),(190,1,'/logout','undefined','1_2024200152513_1151','F','Invalid Token','2024-07-19 09:55:13','Y','2024-07-19 09:55:13'),(191,1,'/logout','undefined','1_2024200152513_1151','F','Invalid Token','2024-07-19 09:55:13','Y','2024-07-19 09:55:13'),(192,1,'/login','undefined','1493461552','S','Success','2024-07-19 09:57:37','Y','2024-07-19 09:57:37'),(193,1,'/logout','undefined','1_2024200152855_2158','F','Invalid Token','2024-07-19 09:58:55','Y','2024-07-19 09:58:55'),(194,1,'/logout','undefined','1_2024200152855_2158','F','Invalid Token','2024-07-19 09:58:55','Y','2024-07-19 09:58:55'),(195,1,'/user/change_password','undefined','3527519069','N','-','0000-00-00 00:00:00','Y','2024-07-19 10:04:28'),(196,1,'/user/change_password','undefined','9960088954','N','-','0000-00-00 00:00:00','Y','2024-07-19 10:05:08'),(197,1,'/login','undefined','2322212317','S','Success','2024-07-19 10:27:07','Y','2024-07-19 10:27:07'),(198,1,'/logout','undefined','1_2024200160602_7257','S','Success','2024-07-19 10:36:02','Y','2024-07-19 10:36:02'),(199,1,'/logout','undefined','1_2024200160602_7257','S','Success','2024-07-19 10:36:02','Y','2024-07-19 10:36:02'),(200,1,'/login','undefined','5946023325','S','Success','2024-07-19 10:40:06','Y','2024-07-19 10:40:06'),(201,1,'/logout','undefined','1_2024200161648_4621','S','Success','2024-07-19 10:46:48','Y','2024-07-19 10:46:48'),(202,1,'/logout','undefined','1_2024200161648_4621','S','Success','2024-07-19 10:46:48','Y','2024-07-19 10:46:48'),(203,1,'/login','undefined','5173255720','F','Invalid User. Kindly try again with the valid User!','2024-07-19 10:48:09','Y','2024-07-19 10:48:08'),(204,1,'/login','undefined','3050217651','S','Success','2024-07-19 10:48:32','Y','2024-07-19 10:48:32'),(205,1,'/login','undefined','1748466977','S','Success','2024-07-23 07:31:06','Y','2024-07-23 07:31:06'),(206,1,'/login','undefined','4058819656','S','Success','2024-07-23 07:33:25','Y','2024-07-23 07:33:25'),(207,0,'/logout','undefined','1_2024204130343_8448','F','Invalid token','2024-07-23 07:33:43','Y','2024-07-23 07:33:43'),(208,1,'/login','undefined','4250276975','S','Success','2024-07-23 07:33:46','Y','2024-07-23 07:33:46'),(209,0,'/logout','undefined','1_2024204130424_6049','F','Invalid token','2024-07-23 07:34:24','Y','2024-07-23 07:34:24'),(210,1,'/login','undefined','2497583161','S','Success','2024-07-23 07:36:35','Y','2024-07-23 07:36:34'),(211,1,'/login','undefined','5147738452','S','Success','2024-07-23 09:57:03','Y','2024-07-23 09:57:03'),(212,1,'/login','undefined','5817778514','S','Success','2024-07-23 09:58:16','Y','2024-07-23 09:58:15'),(213,0,'/logout','undefined','1_2024204152828_7816','F','Invalid token','2024-07-23 09:58:28','Y','2024-07-23 09:58:28'),(214,1,'/login','undefined','5048408498','F','Invalid Password. Kindly try again with the valid details!','2024-07-23 09:59:01','Y','2024-07-23 09:59:01'),(215,1,'/login','undefined','4718751134','S','Success','2024-07-23 09:59:04','Y','2024-07-23 09:59:04'),(216,1,'/logout','undefined','1_2024204152911_4356','S','Success','2024-07-23 09:59:11','Y','2024-07-23 09:59:11'),(217,1,'/logout','undefined','1_2024204152911_4356','S','Success','2024-07-23 09:59:11','Y','2024-07-23 09:59:11'),(218,1,'/login','undefined','7074561447','F','Invalid Password. Kindly try again with the valid details!','2024-07-23 09:59:16','Y','2024-07-23 09:59:16'),(219,1,'/login','undefined','6506384931','F','Invalid Password. Kindly try again with the valid details!','2024-07-23 09:59:27','Y','2024-07-23 09:59:27'),(220,1,'/login','undefined','1032302542','S','Success','2024-07-23 09:59:32','Y','2024-07-23 09:59:32'),(221,1,'/logout','undefined','1_2024204153023_1431','F','Invalid Token','2024-07-23 10:00:23','Y','2024-07-23 10:00:23'),(222,1,'/logout','undefined','1_2024204153023_1431','F','Invalid Token','2024-07-23 10:00:23','Y','2024-07-23 10:00:23'),(223,1,'/login','undefined','9156003402','S','Success','2024-07-23 12:50:05','Y','2024-07-23 12:50:03'),(224,1,'/logout','undefined','1_2024204182334_2137','S','Success','2024-07-23 12:53:34','Y','2024-07-23 12:53:34'),(225,1,'/logout','undefined','1_2024204182334_2137','S','Success','2024-07-23 12:53:34','Y','2024-07-23 12:53:34'),(226,1,'/login','undefined','9554485975','S','Success','2024-07-23 12:56:41','Y','2024-07-23 12:56:41'),(227,1,'/login','undefined','4740418148','S','Success','2024-07-23 12:57:07','Y','2024-07-23 12:57:07'),(228,1,'/logout','undefined','1_2024204182747_2493','S','Success','2024-07-23 12:57:47','Y','2024-07-23 12:57:47'),(229,1,'/logout','undefined','1_2024204182747_2493','S','Success','2024-07-23 12:57:47','Y','2024-07-23 12:57:47'),(230,1,'/login','undefined','3817268318','S','Success','2024-07-23 12:59:51','Y','2024-07-23 12:59:51'),(231,1,'/login','undefined','9590823700','S','Success','2024-07-23 12:59:54','Y','2024-07-23 12:59:54'),(232,1,'/logout','undefined','1_2024204182959_9170','F','Invalid Token','2024-07-23 12:59:59','Y','2024-07-23 12:59:59'),(233,1,'/logout','undefined','1_2024204182959_9170','F','Invalid Token','2024-07-23 12:59:59','Y','2024-07-23 12:59:59'),(234,1,'/login','undefined','3891805013','S','Success','2024-07-23 13:00:13','Y','2024-07-23 13:00:12'),(235,1,'/login','undefined','6067072399','S','Success','2024-07-23 13:01:19','Y','2024-07-23 13:01:19'),(236,1,'/logout','undefined','1_2024204183412_4762','S','Success','2024-07-23 13:04:12','Y','2024-07-23 13:04:12'),(237,1,'/logout','undefined','1_2024204183412_4762','S','Success','2024-07-23 13:04:12','Y','2024-07-23 13:04:12'),(238,1,'/login','undefined','6910518151','S','Success','2024-07-23 13:06:05','Y','2024-07-23 13:06:05'),(239,1,'/login','undefined','1348196163','F','Invalid Password. Kindly try again with the valid details!','2024-07-23 13:06:36','Y','2024-07-23 13:06:36'),(240,1,'/login','undefined','8302180771','S','Success','2024-07-23 13:06:41','Y','2024-07-23 13:06:41'),(241,1,'/logout','undefined','1_2024204183927_1397','F','Invalid Token','2024-07-23 13:09:27','Y','2024-07-23 13:09:27'),(242,1,'/logout','undefined','1_2024204183927_1397','F','Invalid Token','2024-07-23 13:09:27','Y','2024-07-23 13:09:27'),(243,1,'/login','undefined','8381416949','S','Success','2024-07-23 13:09:31','Y','2024-07-23 13:09:31'),(244,1,'/logout','undefined','1_2024204183942_5805','F','Invalid Token','2024-07-23 13:09:42','Y','2024-07-23 13:09:42'),(245,1,'/logout','undefined','1_2024204183942_5805','F','Invalid Token','2024-07-23 13:09:42','Y','2024-07-23 13:09:42'),(246,1,'/login','undefined','3966222335','S','Success','2024-07-23 13:12:30','Y','2024-07-23 13:12:29'),(247,1,'/login','undefined','9846658192','S','Success','2024-07-23 13:38:13','Y','2024-07-23 13:38:13'),(248,1,'/login','undefined','6985319859','S','Success','2024-07-24 07:51:00','Y','2024-07-24 07:51:00'),(249,1,'/login','undefined','4814555984','S','Success','2024-07-24 11:36:52','Y','2024-07-24 11:36:52'),(250,1,'/login','undefined','8237887103','S','Success','2024-07-26 07:01:55','Y','2024-07-26 07:01:55'),(251,1,'/login','undefined','8869604020','S','Success','2024-07-26 10:14:48','Y','2024-07-26 10:14:48'),(252,1,'/login','undefined','5422010751','F','Invalid Password. Kindly try again with the valid details!','2024-07-26 10:48:15','Y','2024-07-26 10:48:15'),(253,1,'/login','undefined','1140313233','S','Success','2024-07-26 10:48:25','Y','2024-07-26 10:48:24'),(254,0,'/logout','undefined','1_2024207161848_4462','F','Invalid token','2024-07-26 10:48:48','Y','2024-07-26 10:48:48'),(255,1,'/login','undefined','9047627901','S','Success','2024-07-26 10:57:57','Y','2024-07-26 10:57:57'),(256,0,'/logout','undefined','1_2024207162843_6061','F','Invalid token','2024-07-26 10:58:43','Y','2024-07-26 10:58:43'),(257,1,'/login','undefined','5516276256','S','Success','2024-07-26 11:02:02','Y','2024-07-26 11:02:01'),(258,0,'/logout','undefined','1_2024207163234_2507','F','Invalid token','2024-07-26 11:02:34','Y','2024-07-26 11:02:34'),(259,1,'/login','undefined','6246721205','S','Success','2024-07-26 11:03:45','Y','2024-07-26 11:03:45'),(260,0,'/logout','undefined','1_2024207163356_5025','F','Invalid token','2024-07-26 11:03:57','Y','2024-07-26 11:03:57'),(261,1,'/login','undefined','8587974649','S','Success','2024-07-26 11:05:32','Y','2024-07-26 11:05:32'),(262,0,'/logout','undefined','1_2024207163557_5234','F','Invalid token','2024-07-26 11:05:57','Y','2024-07-26 11:05:57'),(263,1,'/login','undefined','1804317798','F','Invalid Password. Kindly try again with the valid details!','2024-07-26 11:06:44','Y','2024-07-26 11:06:44'),(264,1,'/login','undefined','8042011831','F','Invalid Password. Kindly try again with the valid details!','2024-07-26 11:06:51','Y','2024-07-26 11:06:51'),(265,1,'/login','undefined','6179858953','S','Success','2024-07-26 11:06:59','Y','2024-07-26 11:06:59'),(266,0,'/logout','undefined','1_2024207163811_4665','F','Invalid token','2024-07-26 11:08:11','Y','2024-07-26 11:08:11'),(267,1,'/user/change_password','undefined','7399924288','N','-','0000-00-00 00:00:00','Y','2024-07-26 11:17:36'),(268,1,'/logout','undefined','1_2024207164738_9150','S','Success','2024-07-26 11:17:38','Y','2024-07-26 11:17:38'),(269,1,'/logout','undefined','1_2024207164738_9150','S','Success','2024-07-26 11:17:38','Y','2024-07-26 11:17:38'),(270,1,'/login','undefined','9976749831','F','Invalid Password. Kindly try again with the valid details!','2024-07-26 11:17:53','Y','2024-07-26 11:17:53'),(271,1,'/login','undefined','2866200230','F','Invalid Password. Kindly try again with the valid details!','2024-07-26 11:18:04','Y','2024-07-26 11:18:04'),(272,1,'/login','undefined','7009680868','F','Invalid Password. Kindly try again with the valid details!','2024-07-26 11:18:16','Y','2024-07-26 11:18:16'),(273,1,'/login','undefined','8621085825','S','Success','2024-07-26 11:18:24','Y','2024-07-26 11:18:23'),(274,1,'/logout','undefined','1_2024207164832_1880','S','Success','2024-07-26 11:18:32','Y','2024-07-26 11:18:32'),(275,1,'/logout','undefined','1_2024207164832_1880','S','Success','2024-07-26 11:18:32','Y','2024-07-26 11:18:32'),(276,1,'/login','undefined','9830853673','S','Success','2024-07-26 11:18:57','Y','2024-07-26 11:18:57'),(277,1,'/login','undefined','1380670821','S','Success','2024-07-26 11:36:29','Y','2024-07-26 11:36:29'),(278,1,'/logout','undefined','1_2024207171349_3866','S','Success','2024-07-26 11:43:49','Y','2024-07-26 11:43:49'),(279,1,'/logout','undefined','1_2024207171349_3866','S','Success','2024-07-26 11:43:49','Y','2024-07-26 11:43:49'),(280,1,'/login','undefined','8096467866','S','Success','2024-07-26 11:46:39','Y','2024-07-26 11:46:39'),(281,1,'/login','undefined','7076505874','S','Success','2024-07-26 12:01:08','Y','2024-07-26 12:01:08'),(282,1,'/logout','undefined','1_2024207173138_7946','F','Invalid Token','2024-07-26 12:01:38','Y','2024-07-26 12:01:38'),(283,1,'/logout','undefined','1_2024207173138_7946','F','Invalid Token','2024-07-26 12:01:38','Y','2024-07-26 12:01:38'),(284,1,'/login','undefined','5575305179','S','Success','2024-07-26 12:02:21','Y','2024-07-26 12:02:21'),(285,1,'/logout','undefined','1_2024207173401_8364','F','Invalid Token','2024-07-26 12:04:01','Y','2024-07-26 12:04:01'),(286,1,'/logout','undefined','1_2024207173401_8364','F','Invalid Token','2024-07-26 12:04:01','Y','2024-07-26 12:04:01'),(287,1,'/login','undefined','7605440361','S','Success','2024-07-26 12:04:24','Y','2024-07-26 12:04:23'),(288,1,'/logout','undefined','1_2024207173821_7112','F','Invalid Token','2024-07-26 12:08:21','Y','2024-07-26 12:08:21'),(289,1,'/logout','undefined','1_2024207173821_7112','F','Invalid Token','2024-07-26 12:08:21','Y','2024-07-26 12:08:21'),(290,1,'/login','undefined','5404557616','S','Success','2024-07-26 12:13:11','Y','2024-07-26 12:13:10'),(291,1,'/logout','undefined','1_2024207180437_8216','F','Invalid Token','2024-07-26 12:34:37','Y','2024-07-26 12:34:37'),(292,1,'/logout','undefined','1_2024207180437_8216','F','Invalid Token','2024-07-26 12:34:37','Y','2024-07-26 12:34:37'),(293,1,'/logout','undefined','1_2024207180746_3851','S','Success','2024-07-26 12:37:46','Y','2024-07-26 12:37:46'),(294,1,'/logout','undefined','1_2024207180746_3851','S','Success','2024-07-26 12:37:46','Y','2024-07-26 12:37:46'),(295,1,'/login','undefined','8019219455','S','Success','2024-07-27 04:27:47','Y','2024-07-27 04:27:46'),(296,1,'/login','undefined','3824719398','S','Success','2024-07-27 06:36:17','Y','2024-07-27 06:36:16'),(297,1,'/user/change_password','undefined','8122252068','N','-','0000-00-00 00:00:00','Y','2024-07-27 06:37:07'),(298,1,'/logout','undefined','1_2024208120709_9712','S','Success','2024-07-27 06:37:10','Y','2024-07-27 06:37:09'),(299,1,'/logout','undefined','1_2024208120709_9712','S','Success','2024-07-27 06:37:10','Y','2024-07-27 06:37:10'),(300,1,'/login','undefined','7637060793','S','Success','2024-08-02 06:47:36','Y','2024-08-02 06:47:36'),(301,1,'/login','undefined','8212059225','S','Success','2024-08-14 04:12:48','Y','2024-08-14 04:12:48'),(302,1,'/login','undefined','5498396126','S','Success','2024-09-06 00:06:54','Y','2024-09-06 00:06:54'),(303,1,'/logout','undefined','1_2024249053911_6041','S','Success','2024-09-06 00:09:11','Y','2024-09-06 00:09:11'),(304,1,'/logout','undefined','1_2024249053911_6041','S','Success','2024-09-06 00:09:11','Y','2024-09-06 00:09:11'),(305,1,'/login','undefined','8662650845','F','Invalid Password. Kindly try again with the valid details!','2024-09-06 00:09:16','Y','2024-09-06 00:09:16'),(306,1,'/login','undefined','6589650853','S','Success','2024-09-24 04:31:47','Y','2024-09-24 04:31:47'),(307,1,'/login','undefined','3232287002','S','Success','2024-09-26 11:28:14','Y','2024-09-26 11:28:14'),(308,1,'/login','undefined','8779998286','S','Success','2024-10-17 11:36:17','Y','2024-10-17 11:36:16'),(309,1,'/login','undefined','1392392594','S','Success','2025-01-30 11:18:50','Y','2025-01-30 11:18:50'),(310,1,'/login','undefined','9134704910','F','Invalid Password. Kindly try again with the valid details!','2025-01-30 11:23:30','Y','2025-01-30 11:23:30'),(311,1,'/login','undefined','9746405787','S','Success','2025-01-30 11:23:41','Y','2025-01-30 11:23:41'),(312,1,'/logout','undefined','1_202529165857_9396','S','Success','2025-01-30 11:28:58','Y','2025-01-30 11:28:57'),(313,1,'/logout','undefined','1_202529165857_9396','S','Success','2025-01-30 11:28:58','Y','2025-01-30 11:28:57'),(314,1,'/login','undefined','3593342961','S','Success','2025-01-30 11:37:17','Y','2025-01-30 11:37:17'),(315,1,'/login','undefined','1160828682','S','Success','2025-01-30 13:02:30','Y','2025-01-30 13:02:30'),(316,1,'/login','undefined','5263563097','S','Success','2025-01-30 13:42:49','Y','2025-01-30 13:42:49'),(317,1,'/login','undefined','9585451916','S','Success','2025-02-01 10:39:02','Y','2025-02-01 10:39:02'),(318,1,'/login','undefined','3434688405','S','Success','2025-02-11 13:06:36','Y','2025-02-11 13:06:36'),(319,1,'/login','undefined','8712072971','S','Success','2025-02-11 13:07:26','Y','2025-02-11 13:07:26'),(320,1,'/login','undefined','7090923777','S','Success','2025-02-11 13:09:43','Y','2025-02-11 13:09:43'),(321,1,'/login','undefined','1628589675','S','Success','2025-02-11 13:10:59','Y','2025-02-11 13:10:59'),(322,1,'/login','undefined','2799899758','S','Success','2025-02-11 13:11:18','Y','2025-02-11 13:11:18'),(323,0,'/logout','undefined','1_202541184135_5726','F','Invalid token','2025-02-11 13:11:35','Y','2025-02-11 13:11:35'),(324,1,'/login','undefined','5588776316','F','Invalid Password. Kindly try again with the valid details!','2025-02-11 13:11:55','Y','2025-02-11 13:11:55'),(325,1,'/login','undefined','9236185680','S','Success','2025-02-11 13:12:07','Y','2025-02-11 13:12:07'),(326,0,'/logout','undefined','1_202541184224_7244','F','Invalid token','2025-02-11 13:12:24','Y','2025-02-11 13:12:24'),(327,1,'/login','undefined','6470311064','S','Success','2025-02-11 13:25:10','Y','2025-02-11 13:25:10'),(328,0,'/logout','undefined','1_202541185619_8520','F','Invalid token','2025-02-11 13:26:19','Y','2025-02-11 13:26:19'),(329,1,'/login','undefined','4203288945','S','Success','2025-02-11 13:27:12','Y','2025-02-11 13:27:12'),(330,1,'/login','undefined','9743283142','F','Invalid Password. Kindly try again with the valid details!','2025-02-11 13:29:26','Y','2025-02-11 13:29:26'),(331,1,'/login','undefined','1150185967','S','Success','2025-02-11 13:29:38','Y','2025-02-11 13:29:38'),(332,1,'/login','undefined','8692467053','F','Invalid Password. Kindly try again with the valid details!','2025-02-11 13:30:00','Y','2025-02-11 13:30:00'),(333,1,'/login','undefined','3899003539','S','Success','2025-02-11 13:30:07','Y','2025-02-11 13:30:07'),(334,1,'/login','undefined','8483476936','F','Invalid User. Kindly try again with the valid User!','2025-02-11 13:30:23','Y','2025-02-11 13:30:22'),(335,1,'/login','undefined','6188789239','S','Success','2025-02-11 13:30:43','Y','2025-02-11 13:30:43'),(336,1,'/login','undefined','9440663983','S','Success','2025-02-11 13:31:23','Y','2025-02-11 13:31:23'),(337,0,'/logout','undefined','1_202541190244_6633','F','Invalid token','2025-02-11 13:32:44','Y','2025-02-11 13:32:44'),(338,1,'/login','undefined','7482921669','S','Success','2025-02-11 13:38:39','Y','2025-02-11 13:38:39'),(339,1,'/login','undefined','3693847937','S','Success','2025-02-11 13:44:30','Y','2025-02-11 13:44:30'),(340,1,'/logout','undefined','1_202541191508_7068','S','Success','2025-02-11 13:45:08','Y','2025-02-11 13:45:08'),(341,1,'/logout','undefined','1_202541191508_7068','S','Success','2025-02-11 13:45:08','Y','2025-02-11 13:45:08'),(342,1,'/login','undefined','2540951176','S','Success','2025-02-11 13:45:16','Y','2025-02-11 13:45:16'),(343,1,'/login','undefined','8211464010','S','Success','2025-02-12 04:21:04','Y','2025-02-12 04:21:04'),(344,1,'/login','undefined','9765817038','S','Success','2025-02-12 05:27:19','Y','2025-02-12 05:27:19'),(345,1,'/login','undefined','8403303190','F','Invalid Password. Kindly try again with the valid details!','2025-02-12 05:27:48','Y','2025-02-12 05:27:48'),(346,1,'/login','undefined','1338164962','F','Invalid Password. Kindly try again with the valid details!','2025-02-12 05:28:20','Y','2025-02-12 05:28:20'),(347,1,'/login','undefined','1549323444','S','Success','2025-02-12 05:28:49','Y','2025-02-12 05:28:49'),(348,1,'/login','undefined','5786080952','S','Success','2025-02-12 05:29:11','Y','2025-02-12 05:29:10'),(349,1,'/login','undefined','8598415945','F','Invalid Password. Kindly try again with the valid details!','2025-02-12 05:31:37','Y','2025-02-12 05:31:37'),(350,1,'/login','undefined','5055951945','F','Invalid User. Kindly try again with the valid User!','2025-02-12 05:31:51','Y','2025-02-12 05:31:51'),(351,1,'/login','undefined','2187374662','F','Invalid User. Kindly try again with the valid User!','2025-02-12 05:32:14','Y','2025-02-12 05:32:14'),(352,1,'/login','undefined','3969239089','F','Invalid Password. Kindly try again with the valid details!','2025-02-12 05:32:29','Y','2025-02-12 05:32:29'),(353,1,'/login','undefined','1529552076','F','Invalid Password. Kindly try again with the valid details!','2025-02-12 05:32:47','Y','2025-02-12 05:32:47'),(354,1,'/login','undefined','7842157835','S','Success','2025-02-12 05:33:21','Y','2025-02-12 05:33:21'),(355,1,'/login','undefined','2645429415','S','Success','2025-02-12 05:45:51','Y','2025-02-12 05:45:51'),(356,1,'/login','undefined','2181407795','S','Success','2025-02-12 05:50:18','Y','2025-02-12 05:50:17'),(357,1,'/login','undefined','3908370774','S','Success','2025-02-12 05:59:41','Y','2025-02-12 05:59:41'),(358,1,'/login','undefined','2505539921','S','Success','2025-02-12 06:54:08','Y','2025-02-12 06:54:08'),(359,1,'/logout','undefined','1_202542130354_3759','S','Success','2025-02-12 07:33:54','Y','2025-02-12 07:33:54'),(360,1,'/logout','undefined','1_202542130354_3759','S','Success','2025-02-12 07:33:54','Y','2025-02-12 07:33:54'),(361,1,'/login','undefined','5101124084','S','Success','2025-02-12 07:41:43','Y','2025-02-12 07:41:43'),(362,1,'/login','undefined','5762459560','F','Invalid Password. Kindly try again with the valid details!','2025-02-12 07:43:20','Y','2025-02-12 07:43:20'),(363,1,'/login','undefined','6082569935','S','Success','2025-02-12 07:43:42','Y','2025-02-12 07:43:42'),(364,1,'/login','undefined','8492886375','F','Invalid Password. Kindly try again with the valid details!','2025-02-12 07:43:56','Y','2025-02-12 07:43:56'),(365,1,'/login','undefined','7151604897','S','Success','2025-02-12 07:44:06','Y','2025-02-12 07:44:06'),(366,1,'/logout','undefined','1_202542132018_9074','S','Success','2025-02-12 07:50:18','Y','2025-02-12 07:50:18'),(367,1,'/logout','undefined','1_202542132018_9074','S','Success','2025-02-12 07:50:18','Y','2025-02-12 07:50:18'),(368,1,'/login','undefined','1332249274','F','Invalid Password. Kindly try again with the valid details!','2025-02-12 07:50:29','Y','2025-02-12 07:50:29'),(369,1,'/login','undefined','1908666158','F','Invalid Password. Kindly try again with the valid details!','2025-02-12 07:50:33','Y','2025-02-12 07:50:33'),(370,1,'/login','undefined','7938014197','F','Invalid Password. Kindly try again with the valid details!','2025-02-12 07:50:35','Y','2025-02-12 07:50:35'),(371,1,'/login','undefined','2428639599','S','Success','2025-02-12 07:50:41','Y','2025-02-12 07:50:41'),(372,1,'/login','undefined','7307302490','S','Success','2025-02-12 07:50:49','Y','2025-02-12 07:50:49'),(373,1,'/login','undefined','8777853234','S','Success','2025-02-12 09:05:57','Y','2025-02-12 09:05:57'),(374,1,'/login','undefined','5460998798','S','Success','2025-02-12 09:06:55','Y','2025-02-12 09:06:55'),(375,1,'/login','undefined','5836948521','S','Success','2025-02-12 09:07:15','Y','2025-02-12 09:07:15'),(376,1,'/logout','undefined','1_202542143727_2061','S','Success','2025-02-12 09:07:27','Y','2025-02-12 09:07:27'),(377,1,'/logout','undefined','1_202542143727_2061','S','Success','2025-02-12 09:07:27','Y','2025-02-12 09:07:27'),(378,1,'/login','undefined','1425073643','S','Success','2025-02-12 09:07:39','Y','2025-02-12 09:07:39'),(379,1,'/login','undefined','9116718542','S','Success','2025-02-12 09:08:07','Y','2025-02-12 09:08:07'),(380,1,'/logout','undefined','1_202542143825_2904','F','Invalid Token','2025-02-12 09:08:25','Y','2025-02-12 09:08:25'),(381,1,'/logout','undefined','1_202542143825_2904','F','Invalid Token','2025-02-12 09:08:25','Y','2025-02-12 09:08:25'),(382,1,'/login','undefined','2435155324','S','Success','2025-02-12 09:08:41','Y','2025-02-12 09:08:41'),(383,1,'/login','undefined','9299877667','S','Success','2025-02-12 09:09:01','Y','2025-02-12 09:09:01'),(384,1,'/login','undefined','4693422274','S','Success','2025-02-12 09:17:21','Y','2025-02-12 09:17:21'),(385,1,'/login','undefined','7157834499','S','Success','2025-02-12 09:18:22','Y','2025-02-12 09:18:22'),(386,1,'/login','undefined','9323693473','S','Success','2025-02-12 09:58:47','Y','2025-02-12 09:58:46'),(387,1,'/login','undefined','3076632315','F','Invalid Password. Kindly try again with the valid details!','2025-02-12 10:09:42','Y','2025-02-12 10:09:42'),(388,1,'/login','undefined','7439229028','S','Success','2025-02-12 10:10:02','Y','2025-02-12 10:10:01'),(389,1,'/login','undefined','7321199351','S','Success','2025-02-12 10:10:14','Y','2025-02-12 10:10:14'),(390,1,'/logout','undefined','1_202542154033_3128','S','Success','2025-02-12 10:10:33','Y','2025-02-12 10:10:33'),(391,1,'/logout','undefined','1_202542154033_3128','S','Success','2025-02-12 10:10:33','Y','2025-02-12 10:10:33'),(392,1,'/login','undefined','8553951670','S','Success','2025-02-12 10:10:43','Y','2025-02-12 10:10:43'),(393,1,'/login','undefined','5536530277','S','Success','2025-02-12 10:11:12','Y','2025-02-12 10:11:12'),(394,1,'/login','undefined','2703086751','S','Success','2025-02-12 10:16:03','Y','2025-02-12 10:16:03'),(395,1,'/logout','undefined','1_202542154929_4763','S','Success','2025-02-12 10:19:29','Y','2025-02-12 10:19:29'),(396,1,'/logout','undefined','1_202542154929_4763','S','Success','2025-02-12 10:19:29','Y','2025-02-12 10:19:29'),(397,1,'/login','undefined','1758297186','F','Invalid Password. Kindly try again with the valid details!','2025-02-12 10:19:40','Y','2025-02-12 10:19:40'),(398,1,'/login','undefined','2972074192','F','Invalid Password. Kindly try again with the valid details!','2025-02-12 10:20:14','Y','2025-02-12 10:20:14'),(399,1,'/login','undefined','6353561584','S','Success','2025-02-12 10:20:26','Y','2025-02-12 10:20:26'),(400,1,'/login','undefined','3990388274','S','Success','2025-02-12 10:20:54','Y','2025-02-12 10:20:53'),(401,1,'/login','undefined','1514251205','S','Success','2025-02-12 10:27:54','Y','2025-02-12 10:27:54'),(402,1,'/login','undefined','1458259559','F','Invalid Password. Kindly try again with the valid details!','2025-02-12 10:28:29','Y','2025-02-12 10:28:29'),(403,1,'/logout','undefined','1_202542155842_7257','F','Invalid Token','2025-02-12 10:28:42','Y','2025-02-12 10:28:42'),(404,1,'/logout','undefined','1_202542155842_7257','F','Invalid Token','2025-02-12 10:28:42','Y','2025-02-12 10:28:42'),(405,1,'/login','undefined','6760681115','S','Success','2025-02-12 10:28:59','Y','2025-02-12 10:28:59'),(406,1,'/login','undefined','4058549485','S','Success','2025-02-12 10:41:35','Y','2025-02-12 10:41:35'),(407,1,'/login','undefined','7693577625','S','Success','2025-02-12 10:42:46','Y','2025-02-12 10:42:46'),(408,1,'/logout','undefined','1_202542161256_4916','S','Success','2025-02-12 10:42:56','Y','2025-02-12 10:42:56'),(409,1,'/logout','undefined','1_202542161256_4916','S','Success','2025-02-12 10:42:56','Y','2025-02-12 10:42:56'),(410,1,'/login','undefined','3339644361','F','Invalid User. Kindly try again with the valid User!','2025-02-12 10:43:55','Y','2025-02-12 10:43:55'),(411,1,'/login','undefined','4433057016','S','Success','2025-02-12 10:44:34','Y','2025-02-12 10:44:34'),(412,1,'/login','undefined','1981657560','S','Success','2025-02-12 10:44:50','Y','2025-02-12 10:44:50'),(413,1,'/login','undefined','4046857397','S','Success','2025-02-12 10:47:14','Y','2025-02-12 10:47:14'),(414,1,'/logout','undefined','1_202542161724_1875','F','Invalid Token','2025-02-12 10:47:24','Y','2025-02-12 10:47:24'),(415,1,'/logout','undefined','1_202542161724_1875','F','Invalid Token','2025-02-12 10:47:24','Y','2025-02-12 10:47:24'),(416,1,'/login','undefined','5966775461','S','Success','2025-02-12 10:47:30','Y','2025-02-12 10:47:30'),(417,0,'/logout','undefined','_202542161923_3118','F','Token is required','2025-02-12 10:49:23','Y','2025-02-12 10:49:23'),(418,0,'/logout','undefined','_202542161927_9613','F','Token is required','2025-02-12 10:49:27','Y','2025-02-12 10:49:27'),(419,1,'/login','undefined','9743606948','S','Success','2025-02-12 10:55:51','Y','2025-02-12 10:55:51'),(420,1,'/logout','undefined','1_202542162627_7638','F','Invalid Token','2025-02-12 10:56:27','Y','2025-02-12 10:56:27'),(421,1,'/logout','undefined','1_202542162627_7638','F','Invalid Token','2025-02-12 10:56:27','Y','2025-02-12 10:56:27'),(422,1,'/login','undefined','1217913635','S','Success','2025-02-12 11:06:49','Y','2025-02-12 11:06:49'),(423,0,'/logout','undefined','1_202542163713_4645','F','Invalid token','2025-02-12 11:07:13','Y','2025-02-12 11:07:13'),(424,1,'/login','undefined','1110695021','S','Success','2025-02-12 11:07:36','Y','2025-02-12 11:07:36'),(425,1,'/login','undefined','4525439227','S','Success','2025-02-12 11:07:41','Y','2025-02-12 11:07:41'),(426,1,'/logout','undefined','1_202542164241_2274','S','Success','2025-02-12 11:12:41','Y','2025-02-12 11:12:41'),(427,1,'/logout','undefined','1_202542164241_2274','S','Success','2025-02-12 11:12:41','Y','2025-02-12 11:12:41'),(428,1,'/login','undefined','5214807364','S','Success','2025-02-12 11:14:24','Y','2025-02-12 11:14:24'),(429,1,'/login','undefined','7862659580','S','Success','2025-02-12 11:14:40','Y','2025-02-12 11:14:40'),(430,1,'/login','undefined','3583444238','S','Success','2025-02-12 11:14:54','Y','2025-02-12 11:14:54'),(431,1,'/login','undefined','4663020052','S','Success','2025-02-12 11:17:17','Y','2025-02-12 11:17:17'),(432,1,'/logout','undefined','1_202542164724_8423','S','Success','2025-02-12 11:17:24','Y','2025-02-12 11:17:24'),(433,1,'/logout','undefined','1_202542164724_8423','S','Success','2025-02-12 11:17:24','Y','2025-02-12 11:17:24'),(434,1,'/login','undefined','8392340641','S','Success','2025-02-12 11:17:29','Y','2025-02-12 11:17:29'),(435,1,'/login','undefined','9100461558','S','Success','2025-02-12 11:17:35','Y','2025-02-12 11:17:35'),(436,1,'/logout','undefined','1_202542164742_3969','S','Success','2025-02-12 11:17:42','Y','2025-02-12 11:17:42'),(437,1,'/logout','undefined','1_202542164742_3969','S','Success','2025-02-12 11:17:42','Y','2025-02-12 11:17:42'),(438,1,'/login','undefined','4147780242','F','Invalid Password. Kindly try again with the valid details!','2025-02-12 11:17:46','Y','2025-02-12 11:17:46'),(439,1,'/login','undefined','2828447508','F','Invalid Password. Kindly try again with the valid details!','2025-02-12 11:17:50','Y','2025-02-12 11:17:50'),(440,1,'/login','undefined','1764797491','S','Success','2025-02-12 11:17:56','Y','2025-02-12 11:17:56'),(441,1,'/login','undefined','4025410996','S','Success','2025-02-12 11:18:07','Y','2025-02-12 11:18:07'),(442,1,'/logout','undefined','1_202542165024_8194','S','Success','2025-02-12 11:20:24','Y','2025-02-12 11:20:24'),(443,1,'/logout','undefined','1_202542165024_8194','S','Success','2025-02-12 11:20:24','Y','2025-02-12 11:20:24'),(444,1,'/login','undefined','7630075270','S','Success','2025-02-12 11:37:30','Y','2025-02-12 11:37:30'),(445,1,'/login','undefined','4143357465','S','Success','2025-02-12 11:37:43','Y','2025-02-12 11:37:43'),(446,1,'/login','undefined','1432577211','S','Success','2025-02-12 11:37:55','Y','2025-02-12 11:37:55'),(447,1,'/login','undefined','6198264059','F','Invalid Password. Kindly try again with the valid details!','2025-02-12 11:38:16','Y','2025-02-12 11:38:16'),(448,1,'/login','undefined','2609130656','F','Invalid Password. Kindly try again with the valid details!','2025-02-12 11:38:20','Y','2025-02-12 11:38:20'),(449,1,'/login','undefined','9171147119','S','Success','2025-02-12 11:38:28','Y','2025-02-12 11:38:28'),(450,1,'/login','undefined','4837729284','F','Invalid Password. Kindly try again with the valid details!','2025-02-12 11:42:41','Y','2025-02-12 11:42:41'),(451,1,'/login','undefined','9069506728','F','Invalid Password. Kindly try again with the valid details!','2025-02-12 11:42:52','Y','2025-02-12 11:42:52'),(452,1,'/login','undefined','1475117041','S','Success','2025-02-12 11:42:57','Y','2025-02-12 11:42:57'),(453,1,'/login','undefined','1188137937','S','Success','2025-02-12 11:43:09','Y','2025-02-12 11:43:09'),(454,1,'/login','undefined','2219585157','F','Invalid Password. Kindly try again with the valid details!','2025-02-12 11:43:15','Y','2025-02-12 11:43:15'),(455,1,'/login','undefined','8071975267','F','Invalid Password. Kindly try again with the valid details!','2025-02-12 11:44:17','Y','2025-02-12 11:44:17'),(456,1,'/login','undefined','6800056427','S','Success','2025-02-12 11:44:28','Y','2025-02-12 11:44:27'),(457,1,'/login','undefined','8903589419','S','Success','2025-02-12 11:47:25','Y','2025-02-12 11:47:25'),(458,1,'/login','undefined','4782759926','S','Success','2025-02-12 11:49:40','Y','2025-02-12 11:49:40'),(459,1,'/login','undefined','9763296027','S','Success','2025-02-12 11:51:35','Y','2025-02-12 11:51:35'),(460,1,'/login','undefined','3962101519','S','Success','2025-02-12 12:31:45','Y','2025-02-12 12:31:45'),(461,1,'/login','undefined','6695148265','S','Success','2025-02-12 12:31:57','Y','2025-02-12 12:31:57'),(462,1,'/login','undefined','2407913307','S','Success','2025-02-12 13:21:54','Y','2025-02-12 13:21:54'),(463,1,'/logout','undefined','1_202542185201_1697','S','Success','2025-02-12 13:22:01','Y','2025-02-12 13:22:01'),(464,1,'/logout','undefined','1_202542185201_1697','S','Success','2025-02-12 13:22:01','Y','2025-02-12 13:22:01'),(465,1,'/login','undefined','7403394637','F','Invalid Password. Kindly try again with the valid details!','2025-02-12 13:22:06','Y','2025-02-12 13:22:06'),(466,1,'/login','undefined','1909149537','F','Invalid Password. Kindly try again with the valid details!','2025-02-12 13:22:26','Y','2025-02-12 13:22:26'),(467,1,'/login','undefined','3909401123','S','Success','2025-02-12 13:22:31','Y','2025-02-12 13:22:31'),(468,1,'/login','undefined','5075646180','S','Success','2025-02-12 13:22:38','Y','2025-02-12 13:22:38'),(469,1,'/login','undefined','4142068585','S','Success','2025-02-12 13:23:06','Y','2025-02-12 13:23:06'),(470,1,'/login','undefined','6852903887','S','Success','2025-02-12 13:23:17','Y','2025-02-12 13:23:17'),(471,1,'/logout','undefined','1_202542185323_7948','S','Success','2025-02-12 13:23:23','Y','2025-02-12 13:23:23'),(472,1,'/logout','undefined','1_202542185323_7948','S','Success','2025-02-12 13:23:23','Y','2025-02-12 13:23:23'),(473,1,'/login','undefined','8770580182','F','Invalid Password. Kindly try again with the valid details!','2025-02-12 13:23:30','Y','2025-02-12 13:23:30'),(474,1,'/login','undefined','7298785378','S','Success','2025-02-12 13:25:24','Y','2025-02-12 13:25:24'),(475,1,'/login','undefined','5864395545','S','Success','2025-02-12 13:25:29','Y','2025-02-12 13:25:29'),(476,1,'/logout','undefined','1_202542185539_8508','S','Success','2025-02-12 13:25:39','Y','2025-02-12 13:25:39'),(477,1,'/logout','undefined','1_202542185539_8508','S','Success','2025-02-12 13:25:39','Y','2025-02-12 13:25:39'),(478,1,'/login','undefined','2168227980','F','Invalid Password. Kindly try again with the valid details!','2025-02-12 13:25:45','Y','2025-02-12 13:25:45'),(479,1,'/login','undefined','4433385887','F','Invalid Password. Kindly try again with the valid details!','2025-02-12 13:25:51','Y','2025-02-12 13:25:51'),(480,1,'/login','undefined','2457182329','F','Invalid Password. Kindly try again with the valid details!','2025-02-12 13:25:56','Y','2025-02-12 13:25:56'),(481,1,'/login','undefined','9053944848','F','Invalid Password. Kindly try again with the valid details!','2025-02-12 13:26:00','Y','2025-02-12 13:26:00'),(482,1,'/login','undefined','3832580578','S','Success','2025-02-12 13:26:04','Y','2025-02-12 13:26:04'),(483,1,'/login','undefined','1563884776','S','Success','2025-02-12 13:26:19','Y','2025-02-12 13:26:19'),(484,1,'/logout','undefined','1_202542190510_3307','S','Success','2025-02-12 13:35:10','Y','2025-02-12 13:35:10'),(485,1,'/logout','undefined','1_202542190510_3307','S','Success','2025-02-12 13:35:10','Y','2025-02-12 13:35:10'),(486,1,'/login','undefined','1062022525','F','Invalid Password. Kindly try again with the valid details!','2025-02-12 13:36:40','Y','2025-02-12 13:36:40'),(487,1,'/login','undefined','4373906341','S','Success','2025-02-12 13:36:52','Y','2025-02-12 13:36:52'),(488,1,'/login','undefined','5068474464','S','Success','2025-02-12 13:37:45','Y','2025-02-12 13:37:45'),(489,1,'/login','undefined','4264052104','S','Success','2025-02-12 13:42:45','Y','2025-02-12 13:42:45'),(490,1,'/login','undefined','5470059849','F','Invalid Password. Kindly try again with the valid details!','2025-02-12 13:42:48','Y','2025-02-12 13:42:48'),(491,1,'/login','undefined','6144850536','F','Invalid Password. Kindly try again with the valid details!','2025-02-12 13:42:51','Y','2025-02-12 13:42:51'),(492,1,'/login','undefined','1409705976','S','Success','2025-02-12 13:42:57','Y','2025-02-12 13:42:56'),(493,1,'/login','undefined','7513109097','F','Invalid Password. Kindly try again with the valid details!','2025-02-12 13:43:36','Y','2025-02-12 13:43:36'),(494,1,'/login','undefined','1437439876','S','Success','2025-02-12 13:43:54','Y','2025-02-12 13:43:54'),(495,1,'/login','undefined','9350014962','F','Invalid Password. Kindly try again with the valid details!','2025-02-12 13:44:05','Y','2025-02-12 13:44:05'),(496,1,'/login','undefined','1107102060','F','Invalid Password. Kindly try again with the valid details!','2025-02-12 13:44:11','Y','2025-02-12 13:44:11'),(497,1,'/login','undefined','7735394760','F','Invalid Password. Kindly try again with the valid details!','2025-02-12 13:44:14','Y','2025-02-12 13:44:14'),(498,1,'/login','undefined','3947924981','S','Success','2025-02-12 13:44:20','Y','2025-02-12 13:44:20'),(499,1,'/login','undefined','4554702315','F','Invalid Password. Kindly try again with the valid details!','2025-02-12 13:45:59','Y','2025-02-12 13:45:59'),(500,1,'/login','undefined','6323476374','S','Success','2025-02-12 13:46:05','Y','2025-02-12 13:46:05'),(501,1,'/logout','undefined','1_202542191822_5468','S','Success','2025-02-12 13:48:22','Y','2025-02-12 13:48:22'),(502,1,'/logout','undefined','1_202542191822_5468','S','Success','2025-02-12 13:48:22','Y','2025-02-12 13:48:22'),(503,1,'/login','undefined','9287144112','S','Success','2025-02-12 13:48:39','Y','2025-02-12 13:48:39'),(504,1,'/login','undefined','5843675474','F','Invalid Password. Kindly try again with the valid details!','2025-02-12 13:48:45','Y','2025-02-12 13:48:45'),(505,1,'/login','undefined','2782525573','S','Success','2025-02-12 13:50:07','Y','2025-02-12 13:50:07'),(506,1,'/login','undefined','5523833238','F','Invalid Password. Kindly try again with the valid details!','2025-02-12 13:50:24','Y','2025-02-12 13:50:24'),(507,1,'/logout','undefined','1_202542192428_2894','S','Success','2025-02-12 13:54:29','Y','2025-02-12 13:54:28'),(508,1,'/logout','undefined','1_202542192428_2894','S','Success','2025-02-12 13:54:29','Y','2025-02-12 13:54:28'),(509,1,'/login','undefined','1762451392','F','Invalid Password. Kindly try again with the valid details!','2025-02-12 13:54:51','Y','2025-02-12 13:54:51'),(510,1,'/login','undefined','4985253291','F','Invalid Password. Kindly try again with the valid details!','2025-02-12 13:54:56','Y','2025-02-12 13:54:56'),(511,1,'/login','undefined','5282452549','S','Success','2025-02-12 13:55:22','Y','2025-02-12 13:55:22'),(512,1,'/login','undefined','4045598989','F','Invalid Password. Kindly try again with the valid details!','2025-02-12 13:55:29','Y','2025-02-12 13:55:29'),(513,1,'/login','undefined','2745823114','F','Invalid Password. Kindly try again with the valid details!','2025-02-12 13:55:34','Y','2025-02-12 13:55:34'),(514,1,'/login','undefined','1755356919','F','Invalid Password. Kindly try again with the valid details!','2025-02-12 13:55:42','Y','2025-02-12 13:55:42'),(515,1,'/login','undefined','5283892513','S','Success','2025-02-12 13:55:55','Y','2025-02-12 13:55:55'),(516,1,'/login','undefined','9668245664','F','Invalid Password. Kindly try again with the valid details!','2025-02-12 13:57:45','Y','2025-02-12 13:57:45'),(517,1,'/login','undefined','9856174008','S','Success','2025-02-12 13:57:57','Y','2025-02-12 13:57:57'),(518,1,'/login','undefined','3149432453','S','Success','2025-02-12 14:00:30','Y','2025-02-12 14:00:30'),(519,1,'/login','undefined','5882581192','S','Success','2025-02-12 14:01:11','Y','2025-02-12 14:01:11'),(520,1,'/login','undefined','5728081565','S','Success','2025-02-12 14:02:04','Y','2025-02-12 14:02:04'),(521,1,'/login','undefined','2380233759','F','Invalid Password. Kindly try again with the valid details!','2025-02-12 14:03:49','Y','2025-02-12 14:03:49'),(522,1,'/login','undefined','5102242115','S','Success','2025-02-12 14:03:55','Y','2025-02-12 14:03:55'),(523,1,'/login','undefined','9715684564','S','Success','2025-02-12 14:04:10','Y','2025-02-12 14:04:10'),(524,1,'/login','undefined','5795137196','S','Success','2025-02-13 04:14:20','Y','2025-02-13 04:14:20'),(525,1,'/login','undefined','4278904544','F','Invalid Password. Kindly try again with the valid details!','2025-02-13 04:14:31','Y','2025-02-13 04:14:31'),(526,1,'/login','undefined','1695856504','S','Success','2025-02-13 04:14:52','Y','2025-02-13 04:14:52'),(527,1,'/logout','undefined','1_202543094646_3888','S','Success','2025-02-13 04:16:46','Y','2025-02-13 04:16:46'),(528,1,'/logout','undefined','1_202543094646_3888','S','Success','2025-02-13 04:16:46','Y','2025-02-13 04:16:46'),(529,1,'/login','undefined','9789938244','S','Success','2025-02-13 04:22:39','Y','2025-02-13 04:22:39'),(530,1,'/login','undefined','2037557624','S','Success','2025-02-13 04:23:02','Y','2025-02-13 04:23:02'),(531,1,'/login','undefined','2049969083','S','Success','2025-02-13 04:31:36','Y','2025-02-13 04:31:36'),(532,1,'/login','undefined','3469065398','S','Success','2025-02-13 04:32:03','Y','2025-02-13 04:32:03'),(533,1,'/login','undefined','8363939806','S','Success','2025-02-13 04:37:12','Y','2025-02-13 04:37:12'),(534,1,'/login','undefined','1524125540','F','Invalid Password. Kindly try again with the valid details!','2025-02-13 04:38:56','Y','2025-02-13 04:38:56'),(535,1,'/login','undefined','7854548207','S','Success','2025-02-13 04:39:04','Y','2025-02-13 04:39:04'),(536,1,'/login','undefined','6658770159','S','Success','2025-02-13 04:43:01','Y','2025-02-13 04:43:01'),(537,1,'/login','undefined','5472267822','S','Success','2025-02-13 04:46:03','Y','2025-02-13 04:46:03'),(538,1,'/login','undefined','5125341466','F','Invalid Password. Kindly try again with the valid details!','2025-02-13 04:46:41','Y','2025-02-13 04:46:41'),(539,1,'/login','undefined','9594311667','F','Invalid Password. Kindly try again with the valid details!','2025-02-13 04:46:54','Y','2025-02-13 04:46:54'),(540,1,'/login','undefined','9608180230','S','Success','2025-02-13 04:47:51','Y','2025-02-13 04:47:51'),(541,1,'/logout','undefined','1_202543101852_5107','S','Success','2025-02-13 04:48:52','Y','2025-02-13 04:48:52'),(542,1,'/logout','undefined','1_202543101852_5107','S','Success','2025-02-13 04:48:52','Y','2025-02-13 04:48:52'),(543,1,'/login','undefined','5928374228','S','Success','2025-02-13 04:49:28','Y','2025-02-13 04:49:28'),(544,1,'/login','undefined','9901048469','S','Success','2025-02-13 04:55:28','Y','2025-02-13 04:55:28'),(545,1,'/login','undefined','6826557284','S','Success','2025-02-13 04:59:13','Y','2025-02-13 04:59:13'),(546,1,'/login','undefined','9807162139','S','Success','2025-02-13 05:56:14','Y','2025-02-13 05:56:14'),(547,1,'/login','undefined','2874376176','S','Success','2025-02-13 05:56:43','Y','2025-02-13 05:56:43'),(548,1,'/logout','undefined','1_202543112656_7564','S','Success','2025-02-13 05:56:56','Y','2025-02-13 05:56:56'),(549,1,'/logout','undefined','1_202543112656_7564','S','Success','2025-02-13 05:56:56','Y','2025-02-13 05:56:56'),(550,1,'/login','undefined','3899591714','F','Invalid User. Kindly try again with the valid User!','2025-02-13 05:57:02','Y','2025-02-13 05:57:02'),(551,1,'/login','undefined','8052053350','F','Invalid User. Kindly try again with the valid User!','2025-02-13 05:58:14','Y','2025-02-13 05:58:14'),(552,1,'/login','undefined','5542739866','S','Success','2025-02-13 06:03:19','Y','2025-02-13 06:03:19'),(553,1,'/login','undefined','7797691904','F','Invalid Password. Kindly try again with the valid details!','2025-02-13 06:03:36','Y','2025-02-13 06:03:36'),(554,1,'/login','undefined','5144782383','S','Success','2025-02-13 06:04:21','Y','2025-02-13 06:04:21'),(555,1,'/logout','undefined','1_202543113426_9722','S','Success','2025-02-13 06:04:26','Y','2025-02-13 06:04:26'),(556,1,'/logout','undefined','1_202543113426_9722','S','Success','2025-02-13 06:04:26','Y','2025-02-13 06:04:26'),(557,1,'/login','undefined','2977828083','S','Success','2025-02-13 06:04:30','Y','2025-02-13 06:04:30'),(558,1,'/login','undefined','6417131782','S','Success','2025-02-13 06:04:42','Y','2025-02-13 06:04:42'),(559,1,'/logout','undefined','1_202543113450_2926','S','Success','2025-02-13 06:04:50','Y','2025-02-13 06:04:50'),(560,1,'/logout','undefined','1_202543113450_2926','S','Success','2025-02-13 06:04:50','Y','2025-02-13 06:04:50'),(561,1,'/login','undefined','6065560101','F','Invalid Password. Kindly try again with the valid details!','2025-02-13 06:04:59','Y','2025-02-13 06:04:59'),(562,1,'/login','undefined','6154011830','S','Success','2025-02-13 06:05:10','Y','2025-02-13 06:05:10'),(563,1,'/login','undefined','4337701731','F','Invalid Password. Kindly try again with the valid details!','2025-02-13 06:05:21','Y','2025-02-13 06:05:21'),(564,1,'/login','undefined','7213330792','S','Success','2025-02-13 06:05:35','Y','2025-02-13 06:05:35'),(565,1,'/logout','undefined','1_202543113743_6942','S','Success','2025-02-13 06:07:43','Y','2025-02-13 06:07:43'),(566,1,'/logout','undefined','1_202543113743_6942','S','Success','2025-02-13 06:07:43','Y','2025-02-13 06:07:43'),(567,1,'/login','undefined','5403964753','S','Success','2025-02-13 06:09:19','Y','2025-02-13 06:09:19'),(568,1,'/login','undefined','1204317337','S','Success','2025-02-13 06:09:30','Y','2025-02-13 06:09:30'),(569,1,'/logout','undefined','1_202543113955_9515','S','Success','2025-02-13 06:09:55','Y','2025-02-13 06:09:55'),(570,1,'/logout','undefined','1_202543113955_9515','S','Success','2025-02-13 06:09:55','Y','2025-02-13 06:09:55'),(571,1,'/login','undefined','8927946904','S','Success','2025-02-13 06:10:06','Y','2025-02-13 06:10:06'),(572,1,'/login','undefined','6333106315','S','Success','2025-02-13 06:10:20','Y','2025-02-13 06:10:20'),(573,1,'/logout','undefined','1_202543114038_3564','S','Success','2025-02-13 06:10:38','Y','2025-02-13 06:10:38'),(574,1,'/logout','undefined','1_202543114038_3564','S','Success','2025-02-13 06:10:38','Y','2025-02-13 06:10:38'),(575,1,'/login','undefined','3656861756','S','Success','2025-02-13 06:11:55','Y','2025-02-13 06:11:55'),(576,1,'/login','undefined','6954494251','F','Invalid Password. Kindly try again with the valid details!','2025-02-13 06:12:01','Y','2025-02-13 06:12:01'),(577,1,'/login','undefined','8016951898','S','Success','2025-02-13 06:12:14','Y','2025-02-13 06:12:14'),(578,1,'/login','undefined','4696551384','S','Success','2025-02-13 06:12:45','Y','2025-02-13 06:12:45'),(579,1,'/logout','undefined','1_202543114250_4023','S','Success','2025-02-13 06:12:50','Y','2025-02-13 06:12:50'),(580,1,'/logout','undefined','1_202543114250_4023','S','Success','2025-02-13 06:12:50','Y','2025-02-13 06:12:50'),(581,1,'/login','undefined','1509837445','S','Success','2025-02-13 06:13:23','Y','2025-02-13 06:13:23'),(582,1,'/login','undefined','8948038522','S','Success','2025-02-13 06:13:34','Y','2025-02-13 06:13:34'),(583,1,'/login','undefined','5801230931','F','Invalid User. Kindly try again with the valid User!','2025-02-13 07:27:13','Y','2025-02-13 07:27:13'),(584,1,'/login','undefined','5243188352','S','Success','2025-02-13 07:27:28','Y','2025-02-13 07:27:28'),(585,1,'/logout','undefined','1_202543125821_7614','S','Success','2025-02-13 07:28:21','Y','2025-02-13 07:28:21'),(586,1,'/logout','undefined','1_202543125821_7614','S','Success','2025-02-13 07:28:21','Y','2025-02-13 07:28:21'),(587,1,'/login','undefined','2609974414','S','Success','2025-02-13 07:28:40','Y','2025-02-13 07:28:40'),(588,1,'/logout','undefined','1_202543130011_6124','S','Success','2025-02-13 07:30:11','Y','2025-02-13 07:30:11'),(589,1,'/logout','undefined','1_202543130011_6124','S','Success','2025-02-13 07:30:11','Y','2025-02-13 07:30:11'),(590,1,'/login','undefined','9342043887','S','Success','2025-02-13 07:38:31','Y','2025-02-13 07:38:31'),(591,1,'/login','undefined','5602408648','S','Success','2025-02-13 07:39:02','Y','2025-02-13 07:39:02'),(592,1,'/logout','undefined','1_202543130909_2617','S','Success','2025-02-13 07:39:09','Y','2025-02-13 07:39:09'),(593,1,'/logout','undefined','1_202543130909_2617','S','Success','2025-02-13 07:39:09','Y','2025-02-13 07:39:09'),(594,1,'/login','undefined','7296000679','S','Success','2025-02-14 10:08:35','Y','2025-02-14 10:08:35'),(595,1,'/logout','undefined','1_202544153844_5375','S','Success','2025-02-14 10:08:44','Y','2025-02-14 10:08:44'),(596,1,'/logout','undefined','1_202544153844_5375','S','Success','2025-02-14 10:08:44','Y','2025-02-14 10:08:44'),(597,1,'/login','undefined','2021671678','F','Invalid Password. Kindly try again with the valid details!','2025-02-14 10:08:49','Y','2025-02-14 10:08:49'),(598,1,'/login','undefined','6923267659','F','Invalid Password. Kindly try again with the valid details!','2025-02-14 10:09:10','Y','2025-02-14 10:09:10'),(599,1,'/login','undefined','3210524680','S','Success','2025-02-14 10:09:14','Y','2025-02-14 10:09:14'),(600,1,'/login','undefined','7148896963','S','Success','2025-02-14 10:15:42','Y','2025-02-14 10:15:42'),(601,1,'/logout','undefined','1_202544154546_2284','S','Success','2025-02-14 10:15:47','Y','2025-02-14 10:15:46'),(602,1,'/logout','undefined','1_202544154546_2284','S','Success','2025-02-14 10:15:47','Y','2025-02-14 10:15:46'),(603,1,'/login','undefined','3265019950','F','Error Occurred.','2025-02-14 10:45:37','Y','2025-02-14 10:45:37'),(604,1,'/login','undefined','8388596354','F','Invalid Password. Kindly try again with the valid details!','2025-02-14 11:27:32','Y','2025-02-14 11:27:32'),(605,1,'/login','undefined','4151542557','S','Success','2025-02-14 11:27:41','Y','2025-02-14 11:27:41'),(606,1,'/login','undefined','5964629063','S','Success','2025-02-14 11:30:05','Y','2025-02-14 11:30:05'),(607,1,'/logout','undefined','1_202544170024_9860','S','Success','2025-02-14 11:30:24','Y','2025-02-14 11:30:24'),(608,1,'/logout','undefined','1_202544170024_9860','S','Success','2025-02-14 11:30:24','Y','2025-02-14 11:30:24'),(609,1,'/login','undefined','6690006968','S','Success','2025-02-14 11:30:39','Y','2025-02-14 11:30:39'),(610,1,'/logout','undefined','1_202544170052_1525','S','Success','2025-02-14 11:30:52','Y','2025-02-14 11:30:52'),(611,1,'/logout','undefined','1_202544170052_1525','S','Success','2025-02-14 11:30:52','Y','2025-02-14 11:30:52'),(612,1,'/login','undefined','4134094887','F','Invalid Password. Kindly try again with the valid details!','2025-02-14 11:30:59','Y','2025-02-14 11:30:59'),(613,1,'/login','undefined','5886227384','F','Invalid Password. Kindly try again with the valid details!','2025-02-14 11:34:45','Y','2025-02-14 11:34:45'),(614,1,'/login','undefined','9469590218','S','Success','2025-02-14 11:35:50','Y','2025-02-14 11:35:50'),(615,1,'/login','undefined','6829006230','S','Success','2025-02-14 11:59:29','Y','2025-02-14 11:59:29'),(616,1,'/login','undefined','3373215971','S','Success','2025-02-14 12:00:06','Y','2025-02-14 12:00:06'),(617,1,'/logout','undefined','1_202544173609_1338','S','Success','2025-02-14 12:06:10','Y','2025-02-14 12:06:09'),(618,1,'/logout','undefined','1_202544173609_1338','S','Success','2025-02-14 12:06:10','Y','2025-02-14 12:06:09'),(619,1,'/login','undefined','3855093588','F','Invalid Password. Kindly try again with the valid details!','2025-02-14 12:06:19','Y','2025-02-14 12:06:18'),(620,1,'/login','undefined','1527783254','F','Invalid Password. Kindly try again with the valid details!','2025-02-14 12:11:26','Y','2025-02-14 12:11:26'),(621,1,'/login','undefined','5723012566','S','Success','2025-02-14 12:13:00','Y','2025-02-14 12:13:00'),(622,1,'/login','undefined','1549371073','F','Invalid Password. Kindly try again with the valid details!','2025-02-14 12:13:10','Y','2025-02-14 12:13:10'),(623,1,'/logout','undefined','1_202544174335_3376','S','Success','2025-02-14 12:13:35','Y','2025-02-14 12:13:35'),(624,1,'/logout','undefined','1_202544174335_3376','S','Success','2025-02-14 12:13:35','Y','2025-02-14 12:13:35'),(625,1,'/login','undefined','8848532984','F','Invalid Password. Kindly try again with the valid details!','2025-02-14 12:13:42','Y','2025-02-14 12:13:42'),(626,1,'/login','undefined','5303387667','F','Invalid Password. Kindly try again with the valid details!','2025-02-14 12:14:10','Y','2025-02-14 12:14:10'),(627,1,'/login','undefined','1345464899','S','Success','2025-02-14 12:14:23','Y','2025-02-14 12:14:23'),(628,1,'/login','undefined','5077566587','F','Invalid Password. Kindly try again with the valid details!','2025-02-14 12:15:19','Y','2025-02-14 12:15:19'),(629,1,'/login','undefined','7493320353','S','Success','2025-02-14 12:39:41','Y','2025-02-14 12:39:41'),(630,1,'/logout','undefined','1_202544180946_1202','S','Success','2025-02-14 12:39:46','Y','2025-02-14 12:39:46'),(631,1,'/logout','undefined','1_202544180946_1202','S','Success','2025-02-14 12:39:46','Y','2025-02-14 12:39:46'),(632,1,'/login','undefined','3500319430','F','Invalid Password. Kindly try again with the valid details!','2025-02-14 12:39:51','Y','2025-02-14 12:39:51'),(633,1,'/login','undefined','8340094652','F','Invalid Password. Kindly try again with the valid details!','2025-02-14 12:43:33','Y','2025-02-14 12:43:33'),(634,1,'/login','undefined','8827778121','F','Invalid Password. Kindly try again with the valid details!','2025-02-14 12:43:44','Y','2025-02-14 12:43:44'),(635,1,'/login','undefined','1590562007','F','Invalid Password. Kindly try again with the valid details!','2025-02-14 12:44:06','Y','2025-02-14 12:44:06'),(636,1,'/login','undefined','9838703689','S','Success','2025-02-14 12:44:19','Y','2025-02-14 12:44:18'),(637,1,'/login','undefined','8881537438','F','Invalid Password. Kindly try again with the valid details!','2025-02-14 13:08:19','Y','2025-02-14 13:08:18'),(638,1,'/login','undefined','6836374816','S','Success','2025-02-14 13:08:25','Y','2025-02-14 13:08:24'),(639,1,'/logout','undefined','1_202544183835_9210','S','Success','2025-02-14 13:08:35','Y','2025-02-14 13:08:35'),(640,1,'/logout','undefined','1_202544183835_9210','S','Success','2025-02-14 13:08:35','Y','2025-02-14 13:08:35'),(641,1,'/login','undefined','3395231236','S','Success','2025-02-14 13:08:45','Y','2025-02-14 13:08:45'),(642,1,'/login','undefined','2243020009','S','Success','2025-02-14 13:09:32','Y','2025-02-14 13:09:32'),(643,1,'/login','undefined','1852229884','F','Invalid Password. Kindly try again with the valid details!','2025-02-14 13:10:10','Y','2025-02-14 13:10:10'),(644,1,'/login','undefined','1153257223','S','Success','2025-02-14 13:10:16','Y','2025-02-14 13:10:16'),(645,1,'/logout','undefined','1_202544184047_6424','F','Invalid Token','2025-02-14 13:10:47','Y','2025-02-14 13:10:47'),(646,1,'/logout','undefined','1_202544184047_6424','F','Invalid Token','2025-02-14 13:10:47','Y','2025-02-14 13:10:47'),(647,1,'/login','undefined','7657076211','F','Invalid Password. Kindly try again with the valid details!','2025-02-14 13:24:14','Y','2025-02-14 13:24:14'),(648,1,'/login','undefined','7505542951','S','Success','2025-02-14 13:24:24','Y','2025-02-14 13:24:24'),(649,1,'/login','undefined','7307454542','S','Success','2025-02-14 13:25:22','Y','2025-02-14 13:25:22'),(650,1,'/logout','undefined','1_202544185825_1618','S','Success','2025-02-14 13:28:26','Y','2025-02-14 13:28:26'),(651,1,'/logout','undefined','1_202544185825_1618','S','Success','2025-02-14 13:28:26','Y','2025-02-14 13:28:26'),(652,1,'/logout','undefined','1_202544191509_5891','F','Invalid Token','2025-02-14 13:45:10','Y','2025-02-14 13:45:09'),(653,1,'/logout','undefined','1_202544191509_5891','F','Invalid Token','2025-02-14 13:45:10','Y','2025-02-14 13:45:10'),(654,1,'/login','undefined','7244030158','F','Invalid Password. Kindly try again with the valid details!','2025-02-14 13:45:31','Y','2025-02-14 13:45:31'),(655,1,'/login','undefined','8096750143','S','Success','2025-02-14 13:45:36','Y','2025-02-14 13:45:36'),(656,1,'/login','undefined','3487855765','S','Success','2025-02-14 13:51:25','Y','2025-02-14 13:51:25'),(657,1,'/login','undefined','9572989694','F','Invalid Password. Kindly try again with the valid details!','2025-02-15 04:53:11','Y','2025-02-15 04:53:11'),(658,1,'/login','undefined','8062191746','S','Success','2025-02-15 04:53:15','Y','2025-02-15 04:53:15'),(659,1,'/logout','undefined','1_202545102344_1088','S','Success','2025-02-15 04:53:44','Y','2025-02-15 04:53:44'),(660,1,'/logout','undefined','1_202545102344_1088','S','Success','2025-02-15 04:53:44','Y','2025-02-15 04:53:44');
/*!40000 ALTER TABLE `api_log` ENABLE KEYS */;
UNLOCK TABLES;

--
-- Table structure for table `camera_details`
--

DROP TABLE IF EXISTS `camera_details`;
/*!40101 SET @saved_cs_client     = @@character_set_client */;
/*!50503 SET character_set_client = utf8mb4 */;
CREATE TABLE `camera_details` (
  `camera_id` int NOT NULL AUTO_INCREMENT,
  `store_id` int NOT NULL,
  `camera_position` varchar(30) NOT NULL,
  `ip_address` varchar(40) NOT NULL,
  `camera_details` varchar(100) NOT NULL,
  `video_url` varchar(200) DEFAULT NULL,
  `start_stop_action` char(1) DEFAULT NULL,
  `camera_status` char(1) NOT NULL,
  `camera_entry_date` timestamp NOT NULL DEFAULT '0000-00-00 00:00:00',
  PRIMARY KEY (`camera_id`),
  KEY `store_id` (`store_id`),
  KEY `store_id_2` (`store_id`)
) ENGINE=InnoDB AUTO_INCREMENT=8 DEFAULT CHARSET=utf8mb3;
/*!40101 SET character_set_client = @saved_cs_client */;

--
-- Dumping data for table `camera_details`
--

LOCK TABLES `camera_details` WRITE;
/*!40000 ALTER TABLE `camera_details` DISABLE KEYS */;
INSERT INTO `camera_details` VALUES (1,1,'Front Entrance','192.168.1.27','Office Front Entrance',NULL,'Y','Y','2023-01-11 08:46:35'),(2,1,'Back Entrance','192.168.1.24','Office Back Entrance',NULL,'Y','Y','2023-01-10 18:30:00'),(3,1,'Office Cabin 1','192.168.1.22','Office Cabin 1',NULL,'Y','Y','2023-01-10 18:30:00'),(4,1,'Office Cabin 2','192.168.1.29','Office Cabin 2',NULL,'Y','Y','2023-01-10 18:30:00'),(5,1,'Office Reception','192.168.1.25','Office Reception',NULL,'N','Y','2023-01-10 18:30:00'),(6,1,'Front Entrance','192.168.1.100','Indoor camera','NULL','N','Y','2024-06-12 07:13:56'),(7,1,'Front Entrance','192.168.1.100','Indoor camera','NULL','N','Y','2024-06-14 06:34:56');
/*!40000 ALTER TABLE `camera_details` ENABLE KEYS */;
UNLOCK TABLES;

--
-- Table structure for table `customer_interest`
--

DROP TABLE IF EXISTS `customer_interest`;
/*!40101 SET @saved_cs_client     = @@character_set_client */;
/*!50503 SET character_set_client = utf8mb4 */;
CREATE TABLE `customer_interest` (
  `customer_interest_id` int NOT NULL AUTO_INCREMENT,
  `customer_id` int NOT NULL,
  `visitor_interest_id` int NOT NULL,
  `cus_int_status` char(1) NOT NULL,
  `cus_int_entry_date` timestamp NOT NULL DEFAULT '0000-00-00 00:00:00',
  PRIMARY KEY (`customer_interest_id`),
  KEY `customer_id` (`customer_id`),
  KEY `customer_id_2` (`customer_id`,`visitor_interest_id`)
) ENGINE=InnoDB AUTO_INCREMENT=13 DEFAULT CHARSET=utf8mb3;
/*!40101 SET character_set_client = @saved_cs_client */;

--
-- Dumping data for table `customer_interest`
--

LOCK TABLES `customer_interest` WRITE;
/*!40000 ALTER TABLE `customer_interest` DISABLE KEYS */;
INSERT INTO `customer_interest` VALUES (1,1,1,'Y','2023-01-31 08:09:38'),(2,1,3,'Y','2023-01-31 08:09:38'),(3,1,4,'Y','2023-01-31 08:09:38'),(4,23,1,'Y','2023-07-26 05:56:38'),(5,23,2,'Y','2023-07-26 05:56:38'),(6,23,3,'Y','2023-07-26 05:56:38'),(7,26,6,'Y','2023-07-26 07:57:06'),(8,27,5,'Y','2024-05-21 11:28:47'),(9,27,2,'Y','2024-05-21 11:28:47'),(10,29,5,'Y','2024-07-19 09:26:35'),(11,31,5,'Y','2024-07-23 07:32:07'),(12,32,5,'Y','2024-07-24 07:53:00');
/*!40000 ALTER TABLE `customer_interest` ENABLE KEYS */;
UNLOCK TABLES;

--
-- Table structure for table `customer_management`
--

DROP TABLE IF EXISTS `customer_management`;
/*!40101 SET @saved_cs_client     = @@character_set_client */;
/*!50503 SET character_set_client = utf8mb4 */;
CREATE TABLE `customer_management` (
  `customer_id` int NOT NULL AUTO_INCREMENT,
  `store_id` int NOT NULL,
  `aws_faceid` varchar(50) NOT NULL,
  `visitor_id` varchar(25) NOT NULL,
  `customer_name` varchar(30) NOT NULL,
  `customer_mobile` varchar(10) NOT NULL,
  `customer_email` varchar(50) NOT NULL,
  `customer_gender` char(1) NOT NULL,
  `min_age` varchar(10) NOT NULL,
  `max_age` varchar(10) NOT NULL,
  `age_category` varchar(10) NOT NULL,
  `customer_interest` varchar(50) NOT NULL,
  `cus_mgt_status` char(1) NOT NULL,
  `cus_mgt_entry_date` timestamp NOT NULL DEFAULT '0000-00-00 00:00:00',
  `cus_mgt_reg_date` timestamp NOT NULL DEFAULT '0000-00-00 00:00:00',
  PRIMARY KEY (`customer_id`)
) ENGINE=InnoDB AUTO_INCREMENT=8 DEFAULT CHARSET=utf8mb3;
/*!40101 SET character_set_client = @saved_cs_client */;

--
-- Dumping data for table `customer_management`
--

LOCK TABLES `customer_management` WRITE;
/*!40000 ALTER TABLE `customer_management` DISABLE KEYS */;
INSERT INTO `customer_management` VALUES (2,1,'bd41d693-81c1-4a80-ac59-3b8af90945a0','AA124201-145315-541','Nandhini','8765445788','testing@gmail.com','F','22','30','ADULT','5','Y','2024-07-27 05:10:17','2024-07-27 05:10:17'),(3,1,'26df8c7c-5e49-44b1-94a7-89bfe9587a43','AA125032-160936-644','Shahfeer','7904347059','bjk@gmail.com','M','19','27','ADULT','5','Y','2025-02-01 10:39:36','2025-02-01 10:39:36'),(4,1,'090aba8b-6197-445a-82f9-d84ad869a7bd','AA125043-163156-654','asik','7609099089','shahfeerdeenfhhghgj@gmail.com','M','14','22','TEEN','5','Y','2025-02-12 11:01:57','2025-02-12 11:01:57'),(5,1,'b431f97d-6159-4715-a471-510eccc3cd81','AA125043-163545-149','Shahfeer','6787677874','drheruhri@gmail.com','O','23','31','ADULT','5','Y','2025-02-12 11:05:45','2025-02-12 11:05:45'),(6,1,'47022272-5b00-475e-9a31-82ae01b74791','AA124208-171228-333','azar','6564677554','azardeen@gmail.com','M','23','33','ADULT','5','Y','2025-02-14 13:11:23','2025-02-14 13:11:23'),(7,1,'8d95584c-9273-48e5-8d9a-8c4ac08b9035','AA125045-132709-157','muthu','7657657657','gcchcnvnv@gmail.com','M','33','41','ADULT','2','Y','2025-02-14 13:27:09','2025-02-14 13:27:09');
/*!40000 ALTER TABLE `customer_management` ENABLE KEYS */;
UNLOCK TABLES;

--
-- Table structure for table `customer_management_1`
--

DROP TABLE IF EXISTS `customer_management_1`;
/*!40101 SET @saved_cs_client     = @@character_set_client */;
/*!50503 SET character_set_client = utf8mb4 */;
CREATE TABLE `customer_management_1` (
  `customer_id` int NOT NULL AUTO_INCREMENT,
  `store_id` int NOT NULL,
  `aws_faceid` varchar(50) NOT NULL,
  `visitor_id` varchar(25) NOT NULL,
  `customer_name` varchar(30) NOT NULL,
  `customer_mobile` varchar(10) NOT NULL,
  `customer_email` varchar(50) NOT NULL,
  `customer_gender` char(1) NOT NULL,
  `min_age` varchar(10) NOT NULL,
  `max_age` varchar(10) NOT NULL,
  `age_category` varchar(10) NOT NULL,
  `customer_interest` varchar(50) NOT NULL,
  `cus_mgt_status` char(1) NOT NULL,
  `cus_mgt_entry_date` timestamp NOT NULL DEFAULT '0000-00-00 00:00:00',
  `cus_mgt_reg_date` timestamp NOT NULL DEFAULT '0000-00-00 00:00:00',
  PRIMARY KEY (`customer_id`)
) ENGINE=InnoDB AUTO_INCREMENT=35 DEFAULT CHARSET=utf8mb3 ROW_FORMAT=COMPACT;
/*!40101 SET character_set_client = @saved_cs_client */;

--
-- Dumping data for table `customer_management_1`
--

LOCK TABLES `customer_management_1` WRITE;
/*!40000 ALTER TABLE `customer_management_1` DISABLE KEYS */;
INSERT INTO `customer_management_1` VALUES (19,1,'8991031c-8370-41f8-a45f-628c9a4836e6','AA523028-133044-580','madhu','8838964597','','F','25','35','ADULT','5,','Y','2024-01-31 12:28:08','2024-01-31 12:50:59'),(22,1,'48400a3f-16d9-41a2-86bb-f16c27125b401','AA123030-133321-1841','Arun','9894606741','arun@yeejai.com','M','34','42','ADULT','5,1,3,','Y','2024-02-01 09:29:05','2024-02-02 04:44:37'),(23,1,'3af94646-311b-4f3c-80a7-8c20395d01e4','AA123031-132220-720','Shanthini','6380885546','shanthini1822001@gmail.com','F','18','24','ADULT','1,2,3,','Y','2024-02-01 10:36:33','2024-07-26 05:56:38'),(24,1,'feaedcc4-b71d-42f5-962f-9776096d0285','AA123031-175137-433','Sabi','9361419661','','F','19','27','ADULT','3,','Y','2024-02-01 12:37:47','2024-02-01 12:39:32'),(25,1,'f8df1f97-3c83-4f3a-b281-14cda466a8ae','AA123033-133451-564','GA','9894606748','arun@yeejai.com','M','35','43','ADULT','5,4,3,','Y','2024-02-02 08:04:53','2024-02-02 08:04:53'),(26,1,'35277aef-f356-4619-bccd-f73dfaa24771','AA123207-132705-385','Sangari S','9344145033','sangari@gmail.com','F','27','37','ADULT','6,','Y','2024-06-06 07:57:05','2024-07-26 07:57:05'),(27,1,'0b24d184-f12e-4a66-b266-6d26295baae9','AA124142-165847-716','Nagendran','9361601845','nagendran@gmail.com','M','24','34','ADULT','5,2,','Y','2023-06-06 07:57:06','2023-06-06 07:57:06'),(28,1,'bd41d693-81c1-4a80-ac59-3b8af90945a0','AA124201-145315-541','Nandhini','8838424247','nandhiniperiyasamy770@gmail.com','F','22','30','ADULT','3','Y','2024-07-19 09:23:15','2024-07-19 09:23:15'),(29,1,'3ba1f636-3da7-4921-9b98-fb5468cff6b5','AA124201-145635-861','Muthu','7539998917','muthukamatchi170167@gmail.com','M','26','36','ADULT','5,1','Y','2024-07-19 09:26:35','2024-07-19 09:26:35'),(30,1,'08a35e29-d591-466c-b37e-b57e1c6d9803','AA124201-150516-346','Joselin ','79046701','joselin@yeejai.com','F','16','24','ADULT','5','Y','2024-07-19 09:35:17','2024-07-19 09:35:17'),(31,1,'bdc8022f-4b3d-4fb7-a966-993ecf2a8f84','AA124205-130206-687','muthu','9600223617','muthu@gmail.com','M','23','31','ADULT','5,1','Y','2024-07-23 07:32:07','2024-07-23 07:32:07'),(32,1,'dedb928d-78ef-42cf-b415-ffc61cd0264c','AA124206-132300-147','muthu','7539998917','muthu@gmail.com','M','29','39','ADULT','5,1','Y','2024-07-24 07:53:00','2024-07-24 07:53:00'),(33,1,'6a1adb09-0d85-4d35-bc17-5856e15c6fb3','AA124206-132450-691','madhu','8973457348','madhubalajapk@gmail.com','F','21','29','ADULT','5','Y','2024-07-24 07:54:51','2024-07-24 07:54:51'),(34,1,'5d7342dd-ed1e-489b-a196-36c3555b94c3','AA124206-170817-786','selva','9876543211','selva@gmail.com','F','23','31','ADULT','2','Y','2024-07-24 11:38:17','2024-07-24 11:38:17');
/*!40000 ALTER TABLE `customer_management_1` ENABLE KEYS */;
UNLOCK TABLES;

--
-- Table structure for table `interest_list`
--

DROP TABLE IF EXISTS `interest_list`;
/*!40101 SET @saved_cs_client     = @@character_set_client */;
/*!50503 SET character_set_client = utf8mb4 */;
CREATE TABLE `interest_list` (
  `visitor_interest_id` int NOT NULL AUTO_INCREMENT,
  `visitor_interest_title` varchar(30) NOT NULL,
  `visitor_interest_area` varchar(100) NOT NULL,
  `visitor_interest_status` char(1) NOT NULL,
  `visitor_interest_entdate` timestamp NOT NULL DEFAULT '0000-00-00 00:00:00',
  PRIMARY KEY (`visitor_interest_id`)
) ENGINE=InnoDB AUTO_INCREMENT=7 DEFAULT CHARSET=utf8mb3 ROW_FORMAT=COMPACT;
/*!40101 SET character_set_client = @saved_cs_client */;

--
-- Dumping data for table `interest_list`
--

LOCK TABLES `interest_list` WRITE;
/*!40000 ALTER TABLE `interest_list` DISABLE KEYS */;
INSERT INTO `interest_list` VALUES (1,'Foods & Beverages','Foods & Beverages','Y','2023-01-10 18:30:00'),(2,'Movies','Movies','Y','2023-01-10 18:30:00'),(3,'Shopping','Shopping','Y','2023-01-10 18:30:00'),(4,'Groceries','Groceries','Y','2023-01-10 18:30:00'),(5,'Deals & Discounts','Deals & Discounts','Y','2023-01-10 18:30:00'),(6,'Entertainment','Entertainment','Y','2023-01-10 18:30:00');
/*!40000 ALTER TABLE `interest_list` ENABLE KEYS */;
UNLOCK TABLES;

--
-- Table structure for table `sms_updates`
--

DROP TABLE IF EXISTS `sms_updates`;
/*!40101 SET @saved_cs_client     = @@character_set_client */;
/*!50503 SET character_set_client = utf8mb4 */;
CREATE TABLE `sms_updates` (
  `sms_update_id` int NOT NULL AUTO_INCREMENT,
  `aws_faceid` varchar(50) NOT NULL,
  `sms_status` char(1) NOT NULL,
  `sms_entry_date` timestamp NOT NULL DEFAULT '0000-00-00 00:00:00',
  PRIMARY KEY (`sms_update_id`)
) ENGINE=InnoDB AUTO_INCREMENT=2 DEFAULT CHARSET=utf8mb3;
/*!40101 SET character_set_client = @saved_cs_client */;

--
-- Dumping data for table `sms_updates`
--

LOCK TABLES `sms_updates` WRITE;
/*!40000 ALTER TABLE `sms_updates` DISABLE KEYS */;
INSERT INTO `sms_updates` VALUES (1,'3af94646-311b-4f3c-80a7-8c20395d01e4','Y','2023-07-26 05:58:20');
/*!40000 ALTER TABLE `sms_updates` ENABLE KEYS */;
UNLOCK TABLES;

--
-- Table structure for table `store_details`
--

DROP TABLE IF EXISTS `store_details`;
/*!40101 SET @saved_cs_client     = @@character_set_client */;
/*!50503 SET character_set_client = utf8mb4 */;
CREATE TABLE `store_details` (
  `store_id` int NOT NULL AUTO_INCREMENT,
  `store_name` varchar(30) NOT NULL,
  `company_name` varchar(30) DEFAULT NULL,
  `store_address_details` varchar(100) DEFAULT NULL,
  `store_status` char(1) NOT NULL,
  `store_entry_date` timestamp NOT NULL DEFAULT '0000-00-00 00:00:00',
  PRIMARY KEY (`store_id`)
) ENGINE=InnoDB AUTO_INCREMENT=4 DEFAULT CHARSET=utf8mb3;
/*!40101 SET character_set_client = @saved_cs_client */;

--
-- Dumping data for table `store_details`
--

LOCK TABLES `store_details` WRITE;
/*!40000 ALTER TABLE `store_details` DISABLE KEYS */;
INSERT INTO `store_details` VALUES (1,'YJ-Office 1','YeeJai Technologies','10, Perkinspuram, Aruppukkottai, TN, IND','Y','2023-01-10 18:30:00'),(2,'YJ-Lab 1','YeeJai Technologies','11, Perkinspuram, Aruppukkottai, TN, IND','Y','2023-01-10 18:30:00'),(3,'YJ-Lab 2','YeeJai Technologies','12, Perkinspuram, Aruppukkottai, TN, IND','Y','2023-01-10 18:30:00');
/*!40000 ALTER TABLE `store_details` ENABLE KEYS */;
UNLOCK TABLES;

--
-- Table structure for table `unique_visitors`
--

DROP TABLE IF EXISTS `unique_visitors`;
/*!40101 SET @saved_cs_client     = @@character_set_client */;
/*!50503 SET character_set_client = utf8mb4 */;
CREATE TABLE `unique_visitors` (
  `unique_visitors_id` int NOT NULL AUTO_INCREMENT,
  `aws_faceid` varchar(50) NOT NULL,
  `visitor_id` varchar(25) NOT NULL,
  `visitor_gender` char(1) NOT NULL,
  `min_age` varchar(10) NOT NULL,
  `max_age` varchar(10) NOT NULL,
  `age_category` varchar(10) NOT NULL,
  `unique_visitors_reference` varchar(50) NOT NULL,
  `unique_visitors_status` char(1) NOT NULL,
  `unique_visitors_entdate` timestamp NOT NULL DEFAULT '0000-00-00 00:00:00',
  PRIMARY KEY (`unique_visitors_id`)
) ENGINE=InnoDB AUTO_INCREMENT=200 DEFAULT CHARSET=utf8mb3;
/*!40101 SET character_set_client = @saved_cs_client */;

--
-- Dumping data for table `unique_visitors`
--

LOCK TABLES `unique_visitors` WRITE;
/*!40000 ALTER TABLE `unique_visitors` DISABLE KEYS */;
INSERT INTO `unique_visitors` VALUES (67,'9ec75130-b090-4f13-b458-e350364bbea1','AA923030-092544-742','M','24','34','ADULT','AWS new user','Y','2023-01-30 03:55:44'),(68,'752e5ff0-3aa6-4790-b959-365310d62501','AA923030-093714-400','M','23','33','ADULT','AWS new user','Y','2023-01-30 04:07:14'),(69,'eb4ab58c-37a2-4657-a894-b984bce52f68','AA923030-093719-759','M','22','30','ADULT','AWS new user','Y','2023-01-30 04:07:19'),(70,'72b03a5b-72d8-4200-8e2b-47d8ae88fbb0','AA923030-095411-946','M','23','31','ADULT','AWS new user','Y','2023-01-30 04:24:11'),(71,'c5a6a81f-705f-4d85-a0cb-187870505b66','AA923030-095529-844','M','23','33','ADULT','AWS new user','Y','2023-01-30 04:25:29'),(72,'ca70f7f3-3bed-45fd-87e9-582bdc525343','AA923030-095652-583','M','23','33','ADULT','AWS new user','Y','2023-01-30 04:26:52'),(73,'08784b67-e1f7-4509-8770-76e467a0d027','AA923030-095907-517','F','19','27','ADULT','AWS new user','Y','2023-01-30 04:29:07'),(74,'11d7ef8f-8781-4687-82ba-8c040f2f070a','AA923030-100156-652','M','28','38','ADULT','AWS new user','Y','2023-01-30 04:31:56'),(75,'23045746-cc3a-49bd-a62e-c47e9a8229e3','AA923030-100943-796','F','23','33','ADULT','AWS new user','Y','2023-01-30 04:39:43'),(76,'b30c9710-b70f-4beb-9d9a-8a79c10ebdbd','AA923030-102525-756','M','22','30','ADULT','AWS new user','Y','2023-01-30 04:55:25'),(77,'24b80f09-92f8-4682-9265-c47d959a6812','AA923030-105009-502','M','20','28','ADULT','AWS new user','Y','2023-01-30 05:20:09'),(78,'3039f4cd-4b06-4186-89dc-554e46e96e2b','AA923030-105010-124','M','22','30','ADULT','AWS new user','Y','2023-01-30 05:20:10'),(79,'b05412c0-e835-40a7-9d81-83063f30d056','AA923030-105018-78','M','22','30','ADULT','AWS new user','Y','2023-01-30 05:20:18'),(80,'b3092f9b-eec7-49cb-9200-e8805aa29c19','AA923030-105320-399','M','38','46','MIDDLE AGE','AWS new user','Y','2023-01-30 05:23:20'),(81,'4f4e53f5-47bc-4682-b300-3a8269583fd6','AA923030-112351-861','M','34','42','ADULT','AWS new user','Y','2023-01-30 05:53:51'),(82,'8355b061-5d5c-45cf-8216-8136e72fcfcb','AA923030-112356-979','M','22','30','ADULT','AWS new user','Y','2023-01-30 05:53:56'),(83,'4ae120cd-a758-4be9-ac48-78cb27319c4a','AA923030-123924-845','M','20','28','ADULT','AWS new user','Y','2023-01-30 07:09:24'),(84,'33160105-b34a-4155-93db-604a1e7cd25c','AA923030-124847-675','M','24','34','ADULT','AWS new user','Y','2023-01-30 07:18:47'),(85,'65e01eb7-d4b6-48b3-9c89-d93b659bd6c9','AA923030-133919-318','F','20','28','ADULT','AWS new user','Y','2023-01-30 08:09:19'),(86,'65e01eb7-d4b6-48b3-9c89-d93b659bd6c9','AA923030-133923-103','F','19','27','ADULT','AWS new user','Y','2023-01-30 08:09:23'),(87,'f41ab014-ced5-41e7-8660-4ae168b8a06e','AA923030-134442-649','M','28','38','ADULT','AWS new user','Y','2023-01-30 08:14:42'),(88,'a044b5c3-4a2b-4c6c-a99f-62d004f4e2c6','AA923030-134451-235','M','23','33','ADULT','AWS new user','Y','2023-01-30 08:14:51'),(89,'cafd3106-625e-4122-9e01-f95b8af75f0c','AA923030-134524-80','M','37','45','MIDDLE AGE','AWS new user','Y','2023-01-30 08:15:24'),(90,'77f08ce9-162d-48cb-b8ba-d5979597830a','AA923030-134529-825','O','28','38','ADULT','AWS new user','Y','2023-01-30 08:15:29'),(91,'5afb5d2d-150a-4d0b-8ce9-0aa4d28ef07d','AA923030-134858-497','M','23','31','ADULT','AWS new user','Y','2023-01-30 08:18:58'),(92,'b024abcb-3d6e-42f2-8cb0-386e28084a5a','AA923030-134858-39','M','25','35','ADULT','AWS new user','Y','2023-01-30 08:18:58'),(93,'b6231cc5-a42a-4fbb-ab2b-02515d968666','AA923030-134949-573','F','18','26','ADULT','AWS new user','Y','2023-01-30 08:19:49'),(94,'ba73e0aa-4d42-4c37-bcf1-d5174a8604bd','AA923030-140220-263','M','30','40','ADULT','AWS new user','Y','2023-01-30 08:32:20'),(95,'f6537c5a-7652-494e-86fa-d36879f60062','AA923030-140418-103','O','16','22','TEEN','AWS new user','Y','2023-01-30 08:34:18'),(96,'0bbfffe2-3d19-4eb2-97b1-d11deaf69330','AA923030-140423-902','M','27','37','ADULT','AWS new user','Y','2023-01-30 08:34:23'),(97,'503acb4f-8d66-4e74-9124-5687fdf19122','AA923030-140423-422','M','21','29','ADULT','AWS new user','Y','2023-01-30 08:34:23'),(98,'0e70f37e-4fe4-4cd2-8e7f-9061fb51e4b2','AA923030-140524-224','M','24','34','ADULT','AWS new user','Y','2023-01-30 08:35:24'),(99,'a911a49f-8067-4df3-8945-6030034c7419','AA923030-141003-37','F','23','33','ADULT','AWS new user','Y','2023-01-30 08:40:03'),(100,'29e6401f-ce3f-43fb-a88f-954599a50f17','AA923030-141008-149','F','27','37','ADULT','AWS new user','Y','2023-01-30 08:40:08'),(101,'7c153419-8cc2-4571-a458-cc2ab45620c8','AA923030-141107-589','F','23','31','ADULT','AWS new user','Y','2023-01-30 08:41:07'),(102,'979c6343-edbc-4917-aa42-845b15ff7e9b','AA923030-141120-890','F','24','34','ADULT','AWS new user','Y','2023-01-30 08:41:20'),(103,'979c6343-edbc-4917-aa42-845b15ff7e9b','AA923030-141159-995','F','13','21','TEEN','AWS new user','Y','2023-01-30 08:41:59'),(104,'0c7997e5-bfb8-472c-9814-c7b961a97513','AA923030-141247-71','M','29','39','ADULT','AWS new user','Y','2023-01-30 08:42:47'),(105,'a6c9f6ef-c473-46fc-801b-9799cc1b37d2','AA923030-141252-482','M','31','41','ADULT','AWS new user','Y','2023-01-30 08:42:52'),(106,'a6c9f6ef-c473-46fc-801b-9799cc1b37d2','AA923030-141256-882','M','31','41','ADULT','AWS new user','Y','2023-01-30 08:42:56'),(107,'393367d5-da54-49a8-b7af-be041c06db22','AA923030-141621-383','M','25','35','ADULT','AWS new user','Y','2023-01-30 08:46:21'),(108,'eb407709-7eba-4fc1-bf52-0c43f6430dcb','AA923030-141844-196','M','24','34','ADULT','AWS new user','Y','2023-01-30 08:48:44'),(109,'56033e02-da71-4ee1-9290-36a098412b7f','AA923030-141930-780','O','19','27','ADULT','AWS new user','Y','2023-01-30 08:49:30'),(110,'370753cc-a16b-49f1-ab4d-cb269bad9794','AA923030-141939-152','M','16','22','TEEN','AWS new user','Y','2023-01-30 08:49:39'),(111,'e0dd038f-d35b-4e82-af88-78a84ab140cf','AA923030-142552-645','F','20','28','ADULT','AWS new user','Y','2023-01-30 08:55:52'),(112,'cc60bdfc-4a31-48ed-9dc4-297d6e319de0','AA923030-143303-109','M','22','30','ADULT','AWS new user','Y','2023-01-30 09:03:03'),(113,'3647d280-e257-47b3-b27e-8f5255529374','AA923030-143307-52','M','31','41','ADULT','AWS new user','Y','2023-01-30 09:03:07'),(114,'6727a658-1219-49bd-ba98-fdcb3a438805','AA923030-143307-578','M','22','30','ADULT','AWS new user','Y','2023-01-30 09:03:07'),(115,'37e5fc86-1692-4d42-add0-2c447be3bb25','AA923030-143630-372','O','19','27','ADULT','AWS new user','Y','2023-01-30 09:06:30'),(116,'f1b3b6e6-2c81-40b6-b69b-9e9642a64087','AA923030-143753-973','M','20','28','ADULT','AWS new user','Y','2023-01-30 09:07:53'),(117,'574ef219-b61e-4f4c-91b5-298f7f13c83c','AA923030-144025-970','M','24','34','ADULT','AWS new user','Y','2023-01-30 09:10:25'),(118,'0bdfe3ab-9257-46c1-941e-50ec96e983c7','AA923030-150036-143','M','39','47','MIDDLE AGE','AWS new user','Y','2023-01-30 09:30:36'),(119,'af4ed10b-662b-4b15-9113-16c72e6a785e','AA923030-150036-242','M','26','36','ADULT','AWS new user','Y','2023-01-30 09:30:36'),(120,'18a40098-9c0a-470c-a5c9-8d08d494ae14','AA923030-152018-823','M','21','29','ADULT','AWS new user','Y','2023-01-30 09:50:18'),(121,'a54c603a-eb0d-4a6c-9c25-1faa1877f738','AA923030-152125-345','M','23','33','ADULT','AWS new user','Y','2023-01-30 09:51:25'),(122,'18851c48-92e3-4168-af9b-46cfea1af4e3','AA923030-152548-83','O','20','28','ADULT','AWS new user','Y','2023-01-30 09:55:48'),(123,'828efbbb-7d2a-4286-afe0-8e2cefb2cac9','AA923030-152715-246','M','23','31','ADULT','AWS new user','Y','2023-01-30 09:57:15'),(124,'313b732c-a9e9-4332-9d9c-5731344150b4','AA923030-155354-631','M','23','31','ADULT','AWS new user','Y','2023-01-30 10:23:54'),(125,'ffe2cd31-d913-4827-9124-e0c737ae5e1b','AA923030-161144-685','M','33','41','ADULT','AWS new user','Y','2023-01-30 10:41:44'),(126,'ffe2cd31-d913-4827-9124-e0c737ae5e1b','AA923030-161148-869','M','30','40','ADULT','AWS new user','Y','2023-01-30 10:41:48'),(127,'960731be-e3ce-4e2a-88b8-c33456646bd2','AA923030-165123-912','M','29','39','ADULT','AWS new user','Y','2023-01-30 11:21:23'),(128,'105a7ef5-6935-446e-ac81-5ba305f7aff2','AA923030-174928-686','F','16','24','ADULT','AWS new user','Y','2023-01-30 12:19:28'),(129,'250cd868-4794-42b7-b104-0102c919dee6','AA923030-180626-299','F','18','24','ADULT','AWS new user','Y','2023-01-30 12:36:26'),(130,'41f61b8d-cd7e-496a-aad5-212b84eada4c','AA923030-181201-210','M','27','37','ADULT','AWS new user','Y','2023-01-30 12:42:01'),(131,'d0aef97c-34d7-47c4-801a-10e2dfebd1d6','AA923030-181738-730','M','19','27','ADULT','AWS new user','Y','2023-01-30 12:47:38'),(132,'3af94646-311b-4f3c-80a7-8c20395d01e4','AA123030-194459-939','F','18','24','ADULT','AWS new user','Y','2023-01-30 14:14:59'),(133,'feaedcc4-b71d-42f5-962f-9776096d0285','AA123030-194459-617','F','19','27','ADULT','AWS new user','Y','2023-01-30 14:14:59'),(134,'48400a3f-16d9-41a2-86bb-f16c27125b40','AA123030-194459-475','M','38','46','MIDDLE AGE','AWS new user','Y','2023-01-30 14:14:59'),(135,'777bf0fc-7a2b-4891-8fb3-62021f383dba','AA923031-182457-946','M','37','45','MIDDLE AGE','AWS new user','Y','2023-01-31 12:54:57'),(136,'6d89e78b-1e70-47b2-be9b-862cc154a7e7','AA923031-182501-317','M','35','43','ADULT','AWS new user','Y','2023-01-31 12:55:01'),(137,'3ed1f7c0-48e0-46b0-a5da-b23fe9aecfee','AA923031-183618-437','M','23','31','ADULT','AWS new user','Y','2023-01-31 13:06:18'),(138,'4dabbbe7-224b-4e34-9a18-c639bdec6e3d','AA923031-184058-845','F','22','30','ADULT','AWS new user','Y','2023-01-31 13:10:58'),(139,'200052b1-3cb1-4f0d-a938-d458945eb050','AA923031-184058-193','M','25','35','ADULT','AWS new user','Y','2023-01-31 13:10:58'),(140,'f78583a5-c54f-40cb-b8fd-e439d6c8c5d8','AA923031-184121-132','O','22','30','ADULT','AWS new user','Y','2023-01-31 13:11:21'),(141,'427e60b9-d073-41bf-8323-c6f4ce958516','AA923031-184211-268','F','21','29','ADULT','AWS new user','Y','2023-01-31 13:12:11'),(142,'df00dec1-91e7-45e3-9bad-9813e243aa41','AA923032-130111-536','M','26','36','ADULT','AWS new user','Y','2023-02-01 07:31:11'),(143,'94fe7beb-4fa8-4548-ac96-c9b62b7fa9ed','AA923032-130111-903','M','30','40','ADULT','AWS new user','Y','2023-02-01 07:31:11'),(144,'c8645165-be37-4572-929a-ba2a11a56042','AA923032-132522-24','M','23','31','ADULT','AWS new user','Y','2023-02-01 07:55:22'),(145,'5707821e-66d2-43f4-8a42-f4753e687dac','AA923032-132734-320','M','29','39','ADULT','AWS new user','Y','2023-02-01 07:57:34'),(146,'a6c983ec-b150-4438-b262-d6b3df6336fa','AA923032-135249-751','O','27','37','ADULT','AWS new user','Y','2023-02-01 08:22:49'),(147,'508bfa62-9ef2-42e0-834c-fc65a60a33dd','AA923032-140416-687','M','23','33','ADULT','AWS new user','Y','2023-02-01 08:34:16'),(148,'49da5e74-9aff-4723-8501-be14ed11a731','AA923032-140705-451','M','35','43','ADULT','AWS new user','Y','2023-02-01 08:37:05'),(149,'a0ce5148-2470-4f59-bf5e-d1300350ddbb','AA923032-140710-410','F','12','20','TEEN','AWS new user','Y','2023-02-01 08:37:10'),(150,'3c3b61b2-8e3c-4738-871e-038358db6e50','AA923032-140815-732','M','19','27','ADULT','AWS new user','Y','2023-02-01 08:38:15'),(151,'d6bf5da3-d979-4837-9a47-7c04f39f8cec','AA923032-140825-593','M','28','38','ADULT','AWS new user','Y','2023-02-01 08:38:25'),(152,'27bfd58c-df35-4cc4-b280-7f7243398451','AA923032-141018-428','M','23','31','ADULT','AWS new user','Y','2023-02-01 08:40:18'),(153,'252a58be-994b-4af0-aa5b-3c3a77e3e8bf','AA923032-141028-759','M','28','38','ADULT','AWS new user','Y','2023-02-01 08:40:28'),(154,'262457bd-1033-4474-bb54-a95a9aabb3dc','AA923032-141339-605','M','45','53','MIDDLE AGE','AWS new user','Y','2023-02-01 08:43:39'),(155,'00de2045-e42b-4527-b50b-b376e27e0872','AA923032-141339-551','M','33','41','ADULT','AWS new user','Y','2023-02-01 08:43:39'),(156,'1ca1a026-e176-4c1e-9622-51fdcd2a854c','AA923032-141343-586','M','27','37','ADULT','AWS new user','Y','2023-02-01 08:43:43'),(157,'3acbdc31-acc2-439d-9f43-9b8574ba6d30','AA923032-142015-458','M','31','41','ADULT','AWS new user','Y','2023-02-01 08:50:15'),(158,'d7e3bd86-76c6-4098-a910-6b438043371c','AA923032-144858-538','M','34','42','ADULT','AWS new user','Y','2023-02-01 09:18:58'),(159,'1905810b-5b90-43cd-9198-6c8e15848514','AA923032-150012-899','M','22','30','ADULT','AWS new user','Y','2023-02-01 09:30:12'),(160,'70eb5d1d-6a2c-44e2-a772-317232f61a0a','AA923032-151149-540','F','6','16','KIDS','AWS new user','Y','2023-02-01 09:41:49'),(161,'b91e98e5-1995-4548-a201-ecf2e326a5cb','AA923032-151221-825','F','14','22','TEEN','AWS new user','Y','2023-02-01 09:42:21'),(162,'a5758f44-0927-4fda-95aa-f35afb7ab7a9','AA923032-152535-2','M','27','37','ADULT','AWS new user','Y','2023-02-01 09:55:35'),(163,'4ed2dbdf-4722-4655-8878-e190fc260f70','AA923032-152912-154','O','38','46','MIDDLE AGE','AWS new user','Y','2023-02-01 09:59:12'),(164,'970ff13c-7c71-44c7-b5d0-8e153f807f84','AA923032-160401-820','M','22','30','ADULT','AWS new user','Y','2023-02-01 10:34:01'),(165,'263559fd-ec4c-49c4-80b8-c22d735064e4','AA923032-163406-204','M','23','31','ADULT','AWS new user','Y','2023-02-01 11:04:06'),(166,'f903a5a2-16e2-4dc3-971b-3194a54f4918','AA923032-163614-846','F','16','22','TEEN','AWS new user','Y','2023-02-01 11:06:14'),(167,'da68ee0b-fa60-4852-b2cb-d679d7d4d0cc','AA923032-180435-942','M','26','36','ADULT','AWS new user','Y','2023-02-01 12:34:35'),(168,'e0b682e7-dc77-4542-90b4-a36f9cc9d91e','AA923032-182958-142','F','18','24','ADULT','AWS new user','Y','2023-02-01 12:59:58'),(169,'41f7a730-4694-46f5-b6ea-4dd7da2f36cb','AA123191-104422-887','F','18','24','ADULT','AWS new user','Y','2023-07-10 05:14:22'),(170,'35277aef-f356-4619-bccd-f73dfaa24771','AA123207-132705-385','F','27','37','ADULT','AWS new user','Y','2023-07-26 07:57:05'),(171,'0b24d184-f12e-4a66-b266-6d26295baae9','AA124142-165847-716','M','24','34','ADULT','AWS new user','Y','2024-05-21 11:28:47'),(172,'bd41d693-81c1-4a80-ac59-3b8af90945a0','AA124201-145315-541','F','22','30','ADULT','AWS new user','Y','2024-07-19 09:23:15'),(173,'3ba1f636-3da7-4921-9b98-fb5468cff6b5','AA124201-145635-861','M','26','36','ADULT','AWS new user','Y','2024-07-19 09:26:35'),(174,'08a35e29-d591-466c-b37e-b57e1c6d9803','AA124201-150516-346','F','16','24','ADULT','AWS new user','Y','2024-07-19 09:35:17'),(175,'bdc8022f-4b3d-4fb7-a966-993ecf2a8f84','AA124205-130206-687','M','23','31','ADULT','AWS new user','Y','2024-07-23 07:32:07'),(176,'dedb928d-78ef-42cf-b415-ffc61cd0264c','AA124206-132300-147','M','29','39','ADULT','AWS new user','Y','2024-07-24 07:53:00'),(177,'6a1adb09-0d85-4d35-bc17-5856e15c6fb3','AA124206-132450-691','F','21','29','ADULT','AWS new user','Y','2024-07-24 07:54:51'),(178,'5d7342dd-ed1e-489b-a196-36c3555b94c3','AA124206-170817-786','F','23','31','ADULT','AWS new user','Y','2024-07-24 11:38:17'),(179,'8991031c-8370-41f8-a45f-628c9a4836e6','AA124208-155919-129','F','34','42','ADULT','AWS new user','Y','2024-07-26 10:29:19'),(180,'c2fdae7a-dffa-4235-b838-ef472c1bd568','AA124208-160232-27','M','25','35','ADULT','AWS new user','Y','2024-07-26 10:32:32'),(181,'472d29d6-30b5-4103-9c0b-c9a9a6130598','AA124208-160442-534','M','25','35','ADULT','AWS new user','Y','2024-07-26 10:34:42'),(182,'490d4e4a-0b1e-43b0-8f52-799798553d8d','AA124208-160501-479','F','22','30','ADULT','AWS new user','Y','2024-07-26 10:35:01'),(183,'1025ef11-65ff-4ddb-a77a-7239e67f1434','AA124208-160501-752','F','25','35','ADULT','AWS new user','Y','2024-07-26 10:35:01'),(184,'215a4f9b-6090-440e-9473-153179a88672','AA124208-161503-796','F','27','37','ADULT','AWS new user','Y','2024-07-26 10:45:03'),(185,'bbe067c6-b920-4ad6-97b3-aa8bc6d6c1b4','AA124208-161815-305','F','22','30','ADULT','AWS new user','Y','2024-07-26 10:48:15'),(186,'f2d5e8c3-e6fa-4725-a61d-eb13ae083857','AA124208-162755-406','M','24','34','ADULT','AWS new user','Y','2024-07-26 10:57:55'),(187,'c7452967-d214-4017-b295-281a2631c488','AA124208-163008-988','M','29','39','ADULT','AWS new user','Y','2024-07-26 11:00:08'),(188,'47022272-5b00-475e-9a31-82ae01b74791','AA124208-171228-333','M','23','33','ADULT','AWS new user','Y','2024-07-26 11:42:28'),(189,'be2a9a30-8249-48b4-9abb-ef42ccedcc47','AA124208-171233-800','M','20','28','ADULT','AWS new user','Y','2024-07-26 11:42:33'),(190,'9251ff98-86ea-4d69-a4b6-5174682c57f4','AA124208-171235-814','M','26','36','ADULT','AWS new user','Y','2024-07-26 11:42:35'),(191,'13b85d7c-6c87-4365-8e4c-4c0bca5c6179','AA124209-102753-145','M','30','40','ADULT','AWS new user','Y','2024-07-27 04:57:53'),(192,'826fab0f-a1a3-474e-9435-10ec49af2bb5','AA124209-102754-121','M','37','45','MIDDLE AGE','AWS new user','Y','2024-07-27 04:57:54'),(193,'9bbe2661-07c5-4778-a5e1-3ff04489b2ee','AA124209-104106-560','M','27','37','ADULT','AWS new user','Y','2024-07-27 05:11:06'),(194,'302aa8b9-e11b-462c-bb68-bfc6dc60c6f5','AA124209-104143-622','M','23','31','ADULT','AWS new user','Y','2024-07-27 05:11:43'),(195,'c9bce2fb-f743-4e47-a3a2-8a026816cf08','AA124209-104203-922','M','24','34','ADULT','AWS new user','Y','2024-07-27 05:12:03'),(196,'26df8c7c-5e49-44b1-94a7-89bfe9587a43','AA125032-160936-644','M','19','27','ADULT','AWS new user','Y','2025-02-01 10:39:36'),(197,'090aba8b-6197-445a-82f9-d84ad869a7bd','AA125043-163156-654','M','14','22','TEEN','AWS new user','Y','2025-02-12 11:01:57'),(198,'b431f97d-6159-4715-a471-510eccc3cd81','AA125043-163545-149','O','23','31','ADULT','AWS new user','Y','2025-02-12 11:05:45'),(199,'8d95584c-9273-48e5-8d9a-8c4ac08b9035','AA125045-132709-157','M','33','41','ADULT','AWS new user','Y','2025-02-14 13:27:09');
/*!40000 ALTER TABLE `unique_visitors` ENABLE KEYS */;
UNLOCK TABLES;

--
-- Table structure for table `url_status`
--

DROP TABLE IF EXISTS `url_status`;
/*!40101 SET @saved_cs_client     = @@character_set_client */;
/*!50503 SET character_set_client = utf8mb4 */;
CREATE TABLE `url_status` (
  `url_id` int NOT NULL AUTO_INCREMENT,
  `url_name` varchar(50) NOT NULL,
  `url_status` char(1) NOT NULL,
  `url_entry_date` timestamp NOT NULL DEFAULT '0000-00-00 00:00:00',
  PRIMARY KEY (`url_id`)
) ENGINE=InnoDB AUTO_INCREMENT=6 DEFAULT CHARSET=utf8mb3;
/*!40101 SET character_set_client = @saved_cs_client */;

--
-- Dumping data for table `url_status`
--

LOCK TABLES `url_status` WRITE;
/*!40000 ALTER TABLE `url_status` DISABLE KEYS */;
INSERT INTO `url_status` VALUES (1,'https://yj360.in/yjf/entry1','Y','2023-01-30 10:17:00'),(2,'https://yj360.in/yjf/entry2','Y','2023-01-30 10:17:00'),(3,'https://yj360.in/yjf/entry3','Y','2023-01-30 10:17:00'),(4,'https://yj360.in/yjf/entry4','Y','2023-01-30 10:17:00'),(5,'https://yj360.in/yjf/entry','Y','2023-01-30 10:17:00');
/*!40000 ALTER TABLE `url_status` ENABLE KEYS */;
UNLOCK TABLES;

--
-- Table structure for table `user_log`
--

DROP TABLE IF EXISTS `user_log`;
/*!40101 SET @saved_cs_client     = @@character_set_client */;
/*!50503 SET character_set_client = utf8mb4 */;
CREATE TABLE `user_log` (
  `user_log_id` int NOT NULL AUTO_INCREMENT,
  `user_id` int NOT NULL,
  `ip_address` varchar(50) DEFAULT NULL,
  `login_date` date NOT NULL,
  `login_time` timestamp NOT NULL DEFAULT '0000-00-00 00:00:00',
  `logout_time` timestamp NULL DEFAULT '0000-00-00 00:00:00',
  `user_log_status` char(1) NOT NULL,
  `user_log_entry_date` timestamp NOT NULL DEFAULT '0000-00-00 00:00:00',
  PRIMARY KEY (`user_log_id`),
  KEY `user_id` (`user_id`),
  KEY `user_log_id` (`user_log_id`,`user_id`)
) ENGINE=InnoDB AUTO_INCREMENT=270 DEFAULT CHARSET=utf8mb3;
/*!40101 SET character_set_client = @saved_cs_client */;

--
-- Dumping data for table `user_log`
--

LOCK TABLES `user_log` WRITE;
/*!40000 ALTER TABLE `user_log` DISABLE KEYS */;
INSERT INTO `user_log` VALUES (1,1,'undefined','2024-06-11','2024-06-11 12:50:57','2024-06-13 04:47:34','O','2024-06-11 12:50:57'),(2,1,'undefined','2024-06-12','2024-06-12 04:00:50','2024-06-13 04:47:34','O','2024-06-12 04:00:50'),(3,1,'undefined','2024-06-12','2024-06-12 10:08:53','2024-06-13 04:47:34','O','2024-06-12 10:08:53'),(4,1,'undefined','2024-06-12','2024-06-12 10:24:16','2024-06-13 04:47:34','O','2024-06-12 10:24:16'),(5,1,'undefined','2024-06-12','2024-06-12 10:38:25','2024-06-13 04:47:34','O','2024-06-12 10:38:25'),(6,1,'undefined','2024-06-12','2024-06-12 12:58:59','2024-06-13 04:47:34','O','2024-06-12 12:58:59'),(7,1,'undefined','2024-06-13','2024-06-13 04:09:04','2024-06-13 04:47:34','O','2024-06-13 04:09:04'),(8,1,'undefined','2024-06-13','2024-06-13 04:37:56','2024-06-13 04:47:34','O','2024-06-13 04:37:56'),(9,1,'undefined','2024-06-13','2024-06-13 04:41:25','2024-06-13 04:47:34','O','2024-06-13 04:41:25'),(10,1,'undefined','2024-06-13','2024-06-13 04:50:27',NULL,'I','2024-06-13 04:50:27'),(11,1,'undefined','2024-06-14','2024-06-14 06:32:40','2024-06-14 07:17:10','O','2024-06-14 06:32:40'),(12,1,'undefined','2024-06-14','2024-06-14 07:26:17','2024-06-14 07:36:07','O','2024-06-14 07:26:17'),(13,1,'undefined','2024-06-14','2024-06-14 07:36:55','2024-06-14 10:03:03','O','2024-06-14 07:36:55'),(14,1,'undefined','2024-06-14','2024-06-14 10:03:03','2024-06-14 10:30:30','O','2024-06-14 10:03:03'),(15,1,'undefined','2024-06-14','2024-06-14 10:30:30','2024-06-14 10:45:04','O','2024-06-14 10:30:30'),(16,1,'undefined','2024-06-14','2024-06-14 10:45:04','2024-06-14 10:46:41','O','2024-06-14 10:45:04'),(17,1,'undefined','2024-06-14','2024-06-14 10:46:41','2024-06-14 10:56:44','O','2024-06-14 10:46:41'),(18,1,'undefined','2024-06-14','2024-06-14 10:56:44','2024-06-14 11:14:23','O','2024-06-14 10:56:44'),(19,1,'undefined','2024-06-14','2024-06-14 11:14:23','2024-06-14 11:14:33','O','2024-06-14 11:14:23'),(20,1,'undefined','2024-06-14','2024-06-14 11:14:33','2024-06-14 11:14:38','O','2024-06-14 11:14:33'),(21,1,'undefined','2024-06-14','2024-06-14 11:14:38','2024-06-14 11:14:49','O','2024-06-14 11:14:38'),(22,1,'undefined','2024-06-14','2024-06-14 11:14:49','2024-06-14 11:17:16','O','2024-06-14 11:14:49'),(23,1,'undefined','2024-06-14','2024-06-14 11:17:16','2024-06-14 11:18:00','O','2024-06-14 11:17:16'),(24,1,'undefined','2024-06-14','2024-06-14 11:18:00','2024-06-14 11:21:35','O','2024-06-14 11:18:00'),(25,1,'undefined','2024-06-14','2024-06-14 11:21:35','2024-06-14 11:33:35','O','2024-06-14 11:21:35'),(26,1,'undefined','2024-06-14','2024-06-14 11:33:35','2024-06-14 11:33:41','O','2024-06-14 11:33:35'),(27,1,'undefined','2024-06-14','2024-06-14 11:33:41','2024-06-14 11:35:32','O','2024-06-14 11:33:41'),(28,1,'undefined','2024-06-14','2024-06-14 11:35:32','2024-06-14 11:35:36','O','2024-06-14 11:35:32'),(29,1,'undefined','2024-06-14','2024-06-14 11:35:36','2024-06-14 11:46:12','O','2024-06-14 11:35:36'),(30,1,'undefined','2024-06-14','2024-06-14 11:46:12','2024-06-14 12:51:03','O','2024-06-14 11:46:12'),(31,1,'undefined','2024-06-14','2024-06-14 12:51:03','2024-06-14 12:51:57','O','2024-06-14 12:51:03'),(32,1,'undefined','2024-06-14','2024-06-14 12:51:57','2024-06-14 12:53:33','O','2024-06-14 12:51:57'),(33,1,'undefined','2024-06-14','2024-06-14 12:53:33','2024-06-14 12:54:23','O','2024-06-14 12:53:33'),(34,1,'undefined','2024-06-14','2024-06-14 12:54:23','2024-06-14 13:02:18','O','2024-06-14 12:54:23'),(35,1,'undefined','2024-06-14','2024-06-14 13:02:18','2024-06-14 13:04:33','O','2024-06-14 13:02:18'),(36,1,'undefined','2024-06-14','2024-06-14 13:04:33','2024-06-14 13:07:53','O','2024-06-14 13:04:33'),(37,1,'undefined','2024-06-14','2024-06-14 13:07:53','2024-06-14 13:10:45','O','2024-06-14 13:07:53'),(38,1,'undefined','2024-06-14','2024-06-14 13:10:45',NULL,'I','2024-06-14 13:10:45'),(39,1,'undefined','2024-06-15','2024-06-15 04:31:01','2024-06-15 05:06:53','O','2024-06-15 04:31:01'),(40,1,'undefined','2024-06-15','2024-06-15 05:06:53',NULL,'I','2024-06-15 05:06:53'),(41,1,'undefined','2024-07-19','2024-07-19 07:24:45','2024-07-19 07:36:44','O','2024-07-19 07:24:45'),(42,1,'undefined','2024-07-19','2024-07-19 07:36:44','2024-07-19 07:37:35','O','2024-07-19 07:36:44'),(43,1,'undefined','2024-07-19','2024-07-19 07:37:49','2024-07-19 07:38:52','O','2024-07-19 07:37:49'),(44,1,'undefined','2024-07-19','2024-07-19 07:39:12','2024-07-19 07:40:19','O','2024-07-19 07:39:12'),(45,1,'undefined','2024-07-19','2024-07-19 07:40:47','2024-07-19 07:41:43','O','2024-07-19 07:40:47'),(46,1,'undefined','2024-07-19','2024-07-19 07:42:59','2024-07-19 08:02:37','O','2024-07-19 07:42:59'),(47,1,'undefined','2024-07-19','2024-07-19 09:04:10','2024-07-19 09:07:42','O','2024-07-19 09:04:10'),(48,1,'undefined','2024-07-19','2024-07-19 09:07:42','2024-07-19 09:09:56','O','2024-07-19 09:07:42'),(49,1,'undefined','2024-07-19','2024-07-19 09:10:09','2024-07-19 09:52:32','O','2024-07-19 09:10:09'),(50,1,'undefined','2024-07-19','2024-07-19 09:52:32','2024-07-19 09:53:46','O','2024-07-19 09:52:32'),(51,1,'undefined','2024-07-19','2024-07-19 09:53:46','2024-07-19 09:54:46','O','2024-07-19 09:53:46'),(52,1,'undefined','2024-07-19','2024-07-19 09:54:46','2024-07-19 09:57:37','O','2024-07-19 09:54:46'),(53,1,'undefined','2024-07-19','2024-07-19 09:57:37','2024-07-19 10:27:07','O','2024-07-19 09:57:37'),(54,1,'undefined','2024-07-19','2024-07-19 10:27:07','2024-07-19 10:36:02','O','2024-07-19 10:27:07'),(55,1,'undefined','2024-07-19','2024-07-19 10:40:06','2024-07-19 10:46:48','O','2024-07-19 10:40:06'),(56,1,'undefined','2024-07-19','2024-07-19 10:48:32',NULL,'I','2024-07-19 10:48:32'),(57,1,'undefined','2024-07-23','2024-07-23 07:31:06','2024-07-23 07:33:25','O','2024-07-23 07:31:06'),(58,1,'undefined','2024-07-23','2024-07-23 07:33:25','2024-07-23 07:33:46','O','2024-07-23 07:33:25'),(59,1,'undefined','2024-07-23','2024-07-23 07:33:46','2024-07-23 07:36:34','O','2024-07-23 07:33:46'),(60,1,'undefined','2024-07-23','2024-07-23 07:36:34','2024-07-23 09:57:03','O','2024-07-23 07:36:34'),(61,1,'undefined','2024-07-23','2024-07-23 09:57:03','2024-07-23 09:58:15','O','2024-07-23 09:57:03'),(62,1,'undefined','2024-07-23','2024-07-23 09:58:15','2024-07-23 09:59:04','O','2024-07-23 09:58:15'),(63,1,'undefined','2024-07-23','2024-07-23 09:59:04','2024-07-23 09:59:11','O','2024-07-23 09:59:04'),(64,1,'undefined','2024-07-23','2024-07-23 09:59:32','2024-07-23 12:50:03','O','2024-07-23 09:59:32'),(65,1,'undefined','2024-07-23','2024-07-23 12:50:03','2024-07-23 12:53:34','O','2024-07-23 12:50:03'),(66,1,'undefined','2024-07-23','2024-07-23 12:56:41','2024-07-23 12:57:07','O','2024-07-23 12:56:41'),(67,1,'undefined','2024-07-23','2024-07-23 12:57:07','2024-07-23 12:57:47','O','2024-07-23 12:57:07'),(68,1,'undefined','2024-07-23','2024-07-23 12:59:51','2024-07-23 12:59:54','O','2024-07-23 12:59:51'),(69,1,'undefined','2024-07-23','2024-07-23 12:59:54','2024-07-23 13:00:12','O','2024-07-23 12:59:54'),(70,1,'undefined','2024-07-23','2024-07-23 13:00:12','2024-07-23 13:01:19','O','2024-07-23 13:00:12'),(71,1,'undefined','2024-07-23','2024-07-23 13:01:19','2024-07-23 13:04:12','O','2024-07-23 13:01:19'),(72,1,'undefined','2024-07-23','2024-07-23 13:06:05','2024-07-23 13:06:41','O','2024-07-23 13:06:05'),(73,1,'undefined','2024-07-23','2024-07-23 13:06:41','2024-07-23 13:09:31','O','2024-07-23 13:06:41'),(74,1,'undefined','2024-07-23','2024-07-23 13:09:31','2024-07-23 13:12:29','O','2024-07-23 13:09:31'),(75,1,'undefined','2024-07-23','2024-07-23 13:12:29','2024-07-23 13:38:13','O','2024-07-23 13:12:29'),(76,1,'undefined','2024-07-23','2024-07-23 13:38:13',NULL,'I','2024-07-23 13:38:13'),(77,1,'undefined','2024-07-24','2024-07-24 07:51:00','2024-07-24 11:36:52','O','2024-07-24 07:51:00'),(78,1,'undefined','2024-07-24','2024-07-24 11:36:52',NULL,'I','2024-07-24 11:36:52'),(79,1,'undefined','2024-07-26','2024-07-26 07:01:55','2024-07-26 10:14:48','O','2024-07-26 07:01:55'),(80,1,'undefined','2024-07-26','2024-07-26 10:14:48','2024-07-26 10:48:24','O','2024-07-26 10:14:48'),(81,1,'undefined','2024-07-26','2024-07-26 10:48:24','2024-07-26 10:57:57','O','2024-07-26 10:48:24'),(82,1,'undefined','2024-07-26','2024-07-26 10:57:57','2024-07-26 11:02:02','O','2024-07-26 10:57:57'),(83,1,'undefined','2024-07-26','2024-07-26 11:02:02','2024-07-26 11:03:45','O','2024-07-26 11:02:02'),(84,1,'undefined','2024-07-26','2024-07-26 11:03:45','2024-07-26 11:05:32','O','2024-07-26 11:03:45'),(85,1,'undefined','2024-07-26','2024-07-26 11:05:32','2024-07-26 11:06:59','O','2024-07-26 11:05:32'),(86,1,'undefined','2024-07-26','2024-07-26 11:06:59','2024-07-26 11:17:38','O','2024-07-26 11:06:59'),(87,1,'undefined','2024-07-26','2024-07-26 11:18:23','2024-07-26 11:18:32','O','2024-07-26 11:18:23'),(88,1,'undefined','2024-07-26','2024-07-26 11:18:57','2024-07-26 11:36:29','O','2024-07-26 11:18:57'),(89,1,'undefined','2024-07-26','2024-07-26 11:36:29','2024-07-26 11:43:49','O','2024-07-26 11:36:29'),(90,1,'undefined','2024-07-26','2024-07-26 11:46:39','2024-07-26 12:01:08','O','2024-07-26 11:46:39'),(91,1,'undefined','2024-07-26','2024-07-26 12:01:08','2024-07-26 12:02:21','O','2024-07-26 12:01:08'),(92,1,'undefined','2024-07-26','2024-07-26 12:02:21','2024-07-26 12:04:23','O','2024-07-26 12:02:21'),(93,1,'undefined','2024-07-26','2024-07-26 12:04:23','2024-07-26 12:13:11','O','2024-07-26 12:04:23'),(94,1,'undefined','2024-07-26','2024-07-26 12:13:11','2024-07-26 12:37:46','O','2024-07-26 12:13:11'),(95,1,'undefined','2024-07-27','2024-07-27 04:27:47','2024-07-27 06:36:16','O','2024-07-27 04:27:47'),(96,1,'undefined','2024-07-27','2024-07-27 06:36:16','2024-07-27 06:37:10','O','2024-07-27 06:36:16'),(97,1,'undefined','2024-08-02','2024-08-02 06:47:36',NULL,'I','2024-08-02 06:47:36'),(98,1,'undefined','2024-08-14','2024-08-14 04:12:48',NULL,'I','2024-08-14 04:12:48'),(99,1,'undefined','2024-09-06','2024-09-06 00:06:54','2024-09-06 00:09:11','O','2024-09-06 00:06:54'),(100,1,'undefined','2024-09-24','2024-09-24 04:31:47',NULL,'I','2024-09-24 04:31:47'),(101,1,'undefined','2024-09-26','2024-09-26 11:28:14',NULL,'I','2024-09-26 11:28:14'),(102,1,'undefined','2024-10-17','2024-10-17 11:36:16',NULL,'I','2024-10-17 11:36:16'),(103,1,'undefined','2025-01-30','2025-01-30 11:18:50','2025-01-30 11:23:41','O','2025-01-30 11:18:50'),(104,1,'undefined','2025-01-30','2025-01-30 11:23:41','2025-01-30 11:28:57','O','2025-01-30 11:23:41'),(105,1,'undefined','2025-01-30','2025-01-30 11:37:17','2025-01-30 13:02:30','O','2025-01-30 11:37:17'),(106,1,'undefined','2025-01-30','2025-01-30 13:02:30','2025-01-30 13:42:49','O','2025-01-30 13:02:30'),(107,1,'undefined','2025-01-30','2025-01-30 13:42:49',NULL,'I','2025-01-30 13:42:49'),(108,1,'undefined','2025-02-01','2025-02-01 10:39:02',NULL,'I','2025-02-01 10:39:02'),(109,1,'undefined','2025-02-11','2025-02-11 07:36:36','2025-02-11 07:37:26','O','2025-02-11 07:36:36'),(110,1,'undefined','2025-02-11','2025-02-11 07:37:26','2025-02-11 13:09:43','O','2025-02-11 07:37:26'),(111,1,'undefined','2025-02-11','2025-02-11 13:09:43','2025-02-11 07:40:59','O','2025-02-11 13:09:43'),(112,1,'undefined','2025-02-11','2025-02-11 07:40:59','2025-02-11 07:41:18','O','2025-02-11 07:40:59'),(113,1,'undefined','2025-02-11','2025-02-11 07:41:18','2025-02-11 13:12:07','O','2025-02-11 07:41:18'),(114,1,'undefined','2025-02-11','2025-02-11 13:12:07','2025-02-11 07:55:10','O','2025-02-11 13:12:07'),(115,1,'undefined','2025-02-11','2025-02-11 07:55:10','2025-02-11 07:57:12','O','2025-02-11 07:55:10'),(116,1,'undefined','2025-02-11','2025-02-11 07:57:12','2025-02-11 13:29:38','O','2025-02-11 07:57:12'),(117,1,'undefined','2025-02-11','2025-02-11 13:29:38','2025-02-11 13:30:07','O','2025-02-11 13:29:38'),(118,1,'undefined','2025-02-11','2025-02-11 13:30:07','2025-02-11 13:30:43','O','2025-02-11 13:30:07'),(119,1,'undefined','2025-02-11','2025-02-11 13:30:43','2025-02-11 08:01:23','O','2025-02-11 13:30:43'),(120,1,'undefined','2025-02-11','2025-02-11 08:01:23','2025-02-11 13:38:39','O','2025-02-11 08:01:23'),(121,1,'undefined','2025-02-11','2025-02-11 13:38:39','2025-02-11 08:14:30','O','2025-02-11 13:38:39'),(122,1,'undefined','2025-02-11','2025-02-11 08:14:30','2025-02-11 08:15:08','O','2025-02-11 08:14:30'),(123,1,'undefined','2025-02-11','2025-02-11 08:15:16',NULL,'I','2025-02-11 08:15:16'),(124,1,'undefined','2025-02-12','2025-02-11 22:51:04','2025-02-11 23:57:19','O','2025-02-11 22:51:04'),(125,1,'undefined','2025-02-12','2025-02-11 23:57:19','2025-02-11 23:58:49','O','2025-02-11 23:57:19'),(126,1,'undefined','2025-02-12','2025-02-11 23:58:49','2025-02-11 23:59:11','O','2025-02-11 23:58:49'),(127,1,'undefined','2025-02-12','2025-02-11 23:59:11','2025-02-12 00:03:21','O','2025-02-11 23:59:11'),(128,1,'undefined','2025-02-12','2025-02-12 00:03:21','2025-02-12 00:15:51','O','2025-02-12 00:03:21'),(129,1,'undefined','2025-02-12','2025-02-12 00:15:51','2025-02-12 00:20:17','O','2025-02-12 00:15:51'),(130,1,'undefined','2025-02-12','2025-02-12 00:20:17','2025-02-12 00:29:41','O','2025-02-12 00:20:17'),(131,1,'undefined','2025-02-12','2025-02-12 00:29:41','2025-02-12 01:24:08','O','2025-02-12 00:29:41'),(132,1,'undefined','2025-02-12','2025-02-12 01:24:08','2025-02-12 02:03:54','O','2025-02-12 01:24:08'),(133,1,'undefined','2025-02-12','2025-02-12 02:11:43','2025-02-12 02:13:42','O','2025-02-12 02:11:43'),(134,1,'undefined','2025-02-12','2025-02-12 02:13:42','2025-02-12 02:14:06','O','2025-02-12 02:13:42'),(135,1,'undefined','2025-02-12','2025-02-12 02:14:06','2025-02-12 02:20:18','O','2025-02-12 02:14:06'),(136,1,'undefined','2025-02-12','2025-02-12 02:20:41','2025-02-12 02:20:49','O','2025-02-12 02:20:41'),(137,1,'undefined','2025-02-12','2025-02-12 02:20:49','2025-02-12 03:35:57','O','2025-02-12 02:20:49'),(138,1,'undefined','2025-02-12','2025-02-12 03:35:57','2025-02-12 03:36:55','O','2025-02-12 03:35:57'),(139,1,'undefined','2025-02-12','2025-02-12 03:36:55','2025-02-12 03:37:15','O','2025-02-12 03:36:55'),(140,1,'undefined','2025-02-12','2025-02-12 03:37:15','2025-02-12 03:37:27','O','2025-02-12 03:37:15'),(141,1,'undefined','2025-02-12','2025-02-12 03:37:39','2025-02-12 03:38:07','O','2025-02-12 03:37:39'),(142,1,'undefined','2025-02-12','2025-02-12 03:38:07','2025-02-12 03:38:41','O','2025-02-12 03:38:07'),(143,1,'undefined','2025-02-12','2025-02-12 03:38:41','2025-02-12 03:39:01','O','2025-02-12 03:38:41'),(144,1,'undefined','2025-02-12','2025-02-12 03:39:01','2025-02-12 09:17:21','O','2025-02-12 03:39:01'),(145,1,'undefined','2025-02-12','2025-02-12 09:17:21','2025-02-12 03:48:22','O','2025-02-12 09:17:21'),(146,1,'undefined','2025-02-12','2025-02-12 03:48:22','2025-02-12 04:28:47','O','2025-02-12 03:48:22'),(147,1,'undefined','2025-02-12','2025-02-12 04:28:47','2025-02-12 04:40:01','O','2025-02-12 04:28:47'),(148,1,'undefined','2025-02-12','2025-02-12 04:40:01','2025-02-12 04:40:14','O','2025-02-12 04:40:01'),(149,1,'undefined','2025-02-12','2025-02-12 04:40:14','2025-02-12 04:40:33','O','2025-02-12 04:40:14'),(150,1,'undefined','2025-02-12','2025-02-12 04:40:43','2025-02-12 04:41:12','O','2025-02-12 04:40:43'),(151,1,'undefined','2025-02-12','2025-02-12 04:41:12','2025-02-12 04:46:03','O','2025-02-12 04:41:12'),(152,1,'undefined','2025-02-12','2025-02-12 04:46:03','2025-02-12 04:49:29','O','2025-02-12 04:46:03'),(153,1,'undefined','2025-02-12','2025-02-12 04:50:26','2025-02-12 04:50:54','O','2025-02-12 04:50:26'),(154,1,'undefined','2025-02-12','2025-02-12 04:50:54','2025-02-12 04:57:54','O','2025-02-12 04:50:54'),(155,1,'undefined','2025-02-12','2025-02-12 04:57:54','2025-02-12 04:58:59','O','2025-02-12 04:57:54'),(156,1,'undefined','2025-02-12','2025-02-12 04:58:59','2025-02-12 05:11:35','O','2025-02-12 04:58:59'),(157,1,'undefined','2025-02-12','2025-02-12 05:11:35','2025-02-12 05:12:46','O','2025-02-12 05:11:35'),(158,1,'undefined','2025-02-12','2025-02-12 05:12:46','2025-02-12 05:12:56','O','2025-02-12 05:12:46'),(159,1,'undefined','2025-02-12','2025-02-12 05:14:34','2025-02-12 05:14:50','O','2025-02-12 05:14:34'),(160,1,'undefined','2025-02-12','2025-02-12 05:14:50','2025-02-12 05:17:14','O','2025-02-12 05:14:50'),(161,1,'undefined','2025-02-12','2025-02-12 05:17:14','2025-02-12 05:17:30','O','2025-02-12 05:17:14'),(162,1,'undefined','2025-02-12','2025-02-12 05:17:30','2025-02-12 10:55:51','O','2025-02-12 05:17:30'),(163,1,'undefined','2025-02-12','2025-02-12 10:55:51','2025-02-12 05:36:49','O','2025-02-12 10:55:51'),(164,1,'undefined','2025-02-12','2025-02-12 05:36:49','2025-02-12 05:37:36','O','2025-02-12 05:36:49'),(165,1,'undefined','2025-02-12','2025-02-12 05:37:36','2025-02-12 05:37:41','O','2025-02-12 05:37:36'),(166,1,'undefined','2025-02-12','2025-02-12 05:37:41','2025-02-12 05:42:41','O','2025-02-12 05:37:41'),(167,1,'undefined','2025-02-12','2025-02-12 05:44:24','2025-02-12 05:44:40','O','2025-02-12 05:44:24'),(168,1,'undefined','2025-02-12','2025-02-12 05:44:40','2025-02-12 05:44:54','O','2025-02-12 05:44:40'),(169,1,'undefined','2025-02-12','2025-02-12 05:44:54','2025-02-12 05:47:17','O','2025-02-12 05:44:54'),(170,1,'undefined','2025-02-12','2025-02-12 05:47:17','2025-02-12 05:47:24','O','2025-02-12 05:47:17'),(171,1,'undefined','2025-02-12','2025-02-12 05:47:29','2025-02-12 05:47:35','O','2025-02-12 05:47:29'),(172,1,'undefined','2025-02-12','2025-02-12 05:47:35','2025-02-12 05:47:42','O','2025-02-12 05:47:35'),(173,1,'undefined','2025-02-12','2025-02-12 05:47:56','2025-02-12 05:48:07','O','2025-02-12 05:47:56'),(174,1,'undefined','2025-02-12','2025-02-12 05:48:07','2025-02-12 05:50:24','O','2025-02-12 05:48:07'),(175,1,'undefined','2025-02-12','2025-02-12 06:07:30','2025-02-12 06:07:43','O','2025-02-12 06:07:30'),(176,1,'undefined','2025-02-12','2025-02-12 06:07:43','2025-02-12 06:07:55','O','2025-02-12 06:07:43'),(177,1,'undefined','2025-02-12','2025-02-12 06:07:55','2025-02-12 06:08:28','O','2025-02-12 06:07:55'),(178,1,'undefined','2025-02-12','2025-02-12 06:08:28','2025-02-12 06:12:57','O','2025-02-12 06:08:28'),(179,1,'undefined','2025-02-12','2025-02-12 06:12:57','2025-02-12 06:13:09','O','2025-02-12 06:12:57'),(180,1,'undefined','2025-02-12','2025-02-12 06:13:09','2025-02-12 06:14:27','O','2025-02-12 06:13:09'),(181,1,'undefined','2025-02-12','2025-02-12 06:14:27','2025-02-12 06:17:25','O','2025-02-12 06:14:27'),(182,1,'undefined','2025-02-12','2025-02-12 06:17:25','2025-02-12 06:19:40','O','2025-02-12 06:17:25'),(183,1,'undefined','2025-02-12','2025-02-12 06:19:40','2025-02-12 06:21:35','O','2025-02-12 06:19:40'),(184,1,'undefined','2025-02-12','2025-02-12 06:21:35','2025-02-12 07:01:45','O','2025-02-12 06:21:35'),(185,1,'undefined','2025-02-12','2025-02-12 07:01:45','2025-02-12 07:01:57','O','2025-02-12 07:01:45'),(186,1,'undefined','2025-02-12','2025-02-12 07:01:57','2025-02-12 07:51:54','O','2025-02-12 07:01:57'),(187,1,'undefined','2025-02-12','2025-02-12 07:51:54','2025-02-12 07:52:01','O','2025-02-12 07:51:54'),(188,1,'undefined','2025-02-12','2025-02-12 07:52:31','2025-02-12 07:52:38','O','2025-02-12 07:52:31'),(189,1,'undefined','2025-02-12','2025-02-12 07:52:38','2025-02-12 07:53:06','O','2025-02-12 07:52:38'),(190,1,'undefined','2025-02-12','2025-02-12 07:53:06','2025-02-12 07:53:17','O','2025-02-12 07:53:06'),(191,1,'undefined','2025-02-12','2025-02-12 07:53:17','2025-02-12 07:53:23','O','2025-02-12 07:53:17'),(192,1,'undefined','2025-02-12','2025-02-12 07:55:24','2025-02-12 07:55:29','O','2025-02-12 07:55:24'),(193,1,'undefined','2025-02-12','2025-02-12 07:55:29','2025-02-12 07:55:39','O','2025-02-12 07:55:29'),(194,1,'undefined','2025-02-12','2025-02-12 07:56:04','2025-02-12 07:56:19','O','2025-02-12 07:56:04'),(195,1,'undefined','2025-02-12','2025-02-12 07:56:19','2025-02-12 08:05:10','O','2025-02-12 07:56:19'),(196,1,'undefined','2025-02-12','2025-02-12 08:06:52','2025-02-12 08:07:45','O','2025-02-12 08:06:52'),(197,1,'undefined','2025-02-12','2025-02-12 08:07:45','2025-02-12 08:12:45','O','2025-02-12 08:07:45'),(198,1,'undefined','2025-02-12','2025-02-12 08:12:45','2025-02-12 08:12:56','O','2025-02-12 08:12:45'),(199,1,'undefined','2025-02-12','2025-02-12 08:12:56','2025-02-12 08:13:54','O','2025-02-12 08:12:56'),(200,1,'undefined','2025-02-12','2025-02-12 08:13:54','2025-02-12 08:14:20','O','2025-02-12 08:13:54'),(201,1,'undefined','2025-02-12','2025-02-12 08:14:20','2025-02-12 08:16:05','O','2025-02-12 08:14:20'),(202,1,'undefined','2025-02-12','2025-02-12 08:16:05','2025-02-12 08:18:22','O','2025-02-12 08:16:05'),(203,1,'undefined','2025-02-12','2025-02-12 08:18:39','2025-02-12 08:20:07','O','2025-02-12 08:18:39'),(204,1,'undefined','2025-02-12','2025-02-12 08:20:07','2025-02-12 08:24:29','O','2025-02-12 08:20:07'),(205,1,'undefined','2025-02-12','2025-02-12 08:25:22','2025-02-12 08:25:55','O','2025-02-12 08:25:22'),(206,1,'undefined','2025-02-12','2025-02-12 08:25:55','2025-02-12 08:27:57','O','2025-02-12 08:25:55'),(207,1,'undefined','2025-02-12','2025-02-12 08:27:57','2025-02-12 08:30:30','O','2025-02-12 08:27:57'),(208,1,'undefined','2025-02-12','2025-02-12 08:30:30','2025-02-12 08:31:11','O','2025-02-12 08:30:30'),(209,1,'undefined','2025-02-12','2025-02-12 08:31:11','2025-02-12 08:32:04','O','2025-02-12 08:31:11'),(210,1,'undefined','2025-02-12','2025-02-12 08:32:04','2025-02-12 08:33:55','O','2025-02-12 08:32:04'),(211,1,'undefined','2025-02-12','2025-02-12 08:33:55','2025-02-12 08:34:10','O','2025-02-12 08:33:55'),(212,1,'undefined','2025-02-12','2025-02-12 08:34:10',NULL,'I','2025-02-12 08:34:10'),(213,1,'undefined','2025-02-13','2025-02-12 22:44:20','2025-02-12 22:44:52','O','2025-02-12 22:44:20'),(214,1,'undefined','2025-02-13','2025-02-12 22:44:52','2025-02-12 22:46:46','O','2025-02-12 22:44:52'),(215,1,'undefined','2025-02-13','2025-02-12 22:52:39','2025-02-12 22:53:02','O','2025-02-12 22:52:39'),(216,1,'undefined','2025-02-13','2025-02-12 22:53:02','2025-02-12 23:01:36','O','2025-02-12 22:53:02'),(217,1,'undefined','2025-02-13','2025-02-12 23:01:36','2025-02-12 23:02:03','O','2025-02-12 23:01:36'),(218,1,'undefined','2025-02-13','2025-02-12 23:02:03','2025-02-12 23:07:12','O','2025-02-12 23:02:03'),(219,1,'undefined','2025-02-13','2025-02-12 23:07:12','2025-02-12 23:09:04','O','2025-02-12 23:07:12'),(220,1,'undefined','2025-02-13','2025-02-12 23:09:04','2025-02-12 23:13:01','O','2025-02-12 23:09:04'),(221,1,'undefined','2025-02-13','2025-02-12 23:13:01','2025-02-12 23:16:03','O','2025-02-12 23:13:01'),(222,1,'undefined','2025-02-13','2025-02-12 23:16:03','2025-02-12 23:17:51','O','2025-02-12 23:16:03'),(223,1,'undefined','2025-02-13','2025-02-12 23:17:51','2025-02-12 23:18:52','O','2025-02-12 23:17:51'),(224,1,'undefined','2025-02-13','2025-02-12 23:19:28','2025-02-12 23:25:28','O','2025-02-12 23:19:28'),(225,1,'undefined','2025-02-13','2025-02-12 23:25:28','2025-02-12 23:29:13','O','2025-02-12 23:25:28'),(226,1,'undefined','2025-02-13','2025-02-12 23:29:13','2025-02-13 00:26:14','O','2025-02-12 23:29:13'),(227,1,'undefined','2025-02-13','2025-02-13 00:26:14','2025-02-13 00:26:43','O','2025-02-13 00:26:14'),(228,1,'undefined','2025-02-13','2025-02-13 00:26:43','2025-02-13 00:26:56','O','2025-02-13 00:26:43'),(229,1,'undefined','2025-02-13','2025-02-13 00:33:19','2025-02-13 00:34:21','O','2025-02-13 00:33:19'),(230,1,'undefined','2025-02-13','2025-02-13 00:34:21','2025-02-13 00:34:26','O','2025-02-13 00:34:21'),(231,1,'undefined','2025-02-13','2025-02-13 00:34:30','2025-02-13 00:34:42','O','2025-02-13 00:34:30'),(232,1,'undefined','2025-02-13','2025-02-13 00:34:42','2025-02-13 00:34:50','O','2025-02-13 00:34:42'),(233,1,'undefined','2025-02-13','2025-02-13 00:35:10','2025-02-13 00:35:35','O','2025-02-13 00:35:10'),(234,1,'undefined','2025-02-13','2025-02-13 00:35:35','2025-02-13 00:37:43','O','2025-02-13 00:35:35'),(235,1,'undefined','2025-02-13','2025-02-13 00:39:19','2025-02-13 00:39:30','O','2025-02-13 00:39:19'),(236,1,'undefined','2025-02-13','2025-02-13 00:39:30','2025-02-13 00:39:55','O','2025-02-13 00:39:30'),(237,1,'undefined','2025-02-13','2025-02-13 00:40:06','2025-02-13 00:40:20','O','2025-02-13 00:40:06'),(238,1,'undefined','2025-02-13','2025-02-13 00:40:20','2025-02-13 00:40:38','O','2025-02-13 00:40:20'),(239,1,'undefined','2025-02-13','2025-02-13 00:41:55','2025-02-13 00:42:14','O','2025-02-13 00:41:55'),(240,1,'undefined','2025-02-13','2025-02-13 00:42:14','2025-02-13 00:42:45','O','2025-02-13 00:42:14'),(241,1,'undefined','2025-02-13','2025-02-13 00:42:45','2025-02-13 00:42:50','O','2025-02-13 00:42:45'),(242,1,'undefined','2025-02-13','2025-02-13 00:43:23','2025-02-13 00:43:34','O','2025-02-13 00:43:23'),(243,1,'undefined','2025-02-13','2025-02-13 00:43:34','2025-02-13 07:27:28','O','2025-02-13 00:43:34'),(244,1,'undefined','2025-02-13','2025-02-13 07:27:28','2025-02-13 07:28:21','O','2025-02-13 07:27:28'),(245,1,'undefined','2025-02-13','2025-02-13 07:28:40','2025-02-13 07:30:11','O','2025-02-13 07:28:40'),(246,1,'undefined','2025-02-13','2025-02-13 07:38:31','2025-02-13 07:39:02','O','2025-02-13 07:38:31'),(247,1,'undefined','2025-02-13','2025-02-13 07:39:02','2025-02-13 07:39:09','O','2025-02-13 07:39:02'),(248,1,'undefined','2025-02-14','2025-02-14 10:08:35','2025-02-14 10:08:44','O','2025-02-14 10:08:35'),(249,1,'undefined','2025-02-14','2025-02-14 10:09:14','2025-02-14 10:15:42','O','2025-02-14 10:09:14'),(250,1,'undefined','2025-02-14','2025-02-14 10:15:42','2025-02-14 10:15:46','O','2025-02-14 10:15:42'),(251,1,'undefined','2025-02-14','2025-02-14 05:57:41','2025-02-14 06:00:05','O','2025-02-14 05:57:41'),(252,1,'undefined','2025-02-14','2025-02-14 06:00:05','2025-02-14 06:00:24','O','2025-02-14 06:00:05'),(253,1,'undefined','2025-02-14','2025-02-14 06:00:39','2025-02-14 06:00:52','O','2025-02-14 06:00:39'),(254,1,'undefined','2025-02-14','2025-02-14 06:05:50','2025-02-14 06:29:29','O','2025-02-14 06:05:50'),(255,1,'undefined','2025-02-14','2025-02-14 06:29:29','2025-02-14 06:30:06','O','2025-02-14 06:29:29'),(256,1,'undefined','2025-02-14','2025-02-14 06:30:06','2025-02-14 06:36:09','O','2025-02-14 06:30:06'),(257,1,'undefined','2025-02-14','2025-02-14 06:43:00','2025-02-14 06:43:35','O','2025-02-14 06:43:00'),(258,1,'undefined','2025-02-14','2025-02-14 06:44:23','2025-02-14 12:39:41','O','2025-02-14 06:44:23'),(259,1,'undefined','2025-02-14','2025-02-14 12:39:41','2025-02-14 12:39:46','O','2025-02-14 12:39:41'),(260,1,'undefined','2025-02-14','2025-02-14 07:14:19','2025-02-14 07:38:25','O','2025-02-14 07:14:19'),(261,1,'undefined','2025-02-14','2025-02-14 07:38:25','2025-02-14 07:38:35','O','2025-02-14 07:38:25'),(262,1,'undefined','2025-02-14','2025-02-14 07:38:45','2025-02-14 07:39:32','O','2025-02-14 07:38:45'),(263,1,'undefined','2025-02-14','2025-02-14 07:39:32','2025-02-14 07:40:16','O','2025-02-14 07:39:32'),(264,1,'undefined','2025-02-14','2025-02-14 07:40:16','2025-02-14 07:54:24','O','2025-02-14 07:40:16'),(265,1,'undefined','2025-02-14','2025-02-14 07:54:24','2025-02-14 07:55:22','O','2025-02-14 07:54:24'),(266,1,'undefined','2025-02-14','2025-02-14 07:55:22','2025-02-14 07:58:26','O','2025-02-14 07:55:22'),(267,1,'undefined','2025-02-14','2025-02-14 08:15:36','2025-02-14 08:21:25','O','2025-02-14 08:15:36'),(268,1,'undefined','2025-02-14','2025-02-14 08:21:25',NULL,'I','2025-02-14 08:21:25'),(269,1,'undefined','2025-02-15','2025-02-14 23:23:15','2025-02-14 23:23:44','O','2025-02-14 23:23:15');
/*!40000 ALTER TABLE `user_log` ENABLE KEYS */;
UNLOCK TABLES;

--
-- Table structure for table `user_management`
--

DROP TABLE IF EXISTS `user_management`;
/*!40101 SET @saved_cs_client     = @@character_set_client */;
/*!50503 SET character_set_client = utf8mb4 */;
CREATE TABLE `user_management` (
  `user_id` int NOT NULL AUTO_INCREMENT,
  `user_master_id` int NOT NULL,
  `parent_id` int NOT NULL,
  `user_name` varchar(30) CHARACTER SET utf8mb4 COLLATE utf8mb4_general_ci NOT NULL,
  `api_key` varchar(30) CHARACTER SET utf8mb4 COLLATE utf8mb4_general_ci DEFAULT NULL,
  `login_id` varchar(30) CHARACTER SET utf8mb4 COLLATE utf8mb4_general_ci NOT NULL,
  `login_password` varchar(50) CHARACTER SET utf8mb4 COLLATE utf8mb4_general_ci NOT NULL,
  `user_email` varchar(50) CHARACTER SET utf8mb4 COLLATE utf8mb4_general_ci DEFAULT NULL,
  `user_mobile` varchar(10) CHARACTER SET utf8mb4 COLLATE utf8mb4_general_ci DEFAULT NULL,
  `usr_mgt_status` char(1) CHARACTER SET utf8mb4 COLLATE utf8mb4_general_ci NOT NULL,
  `usr_mgt_entry_date` timestamp NOT NULL DEFAULT CURRENT_TIMESTAMP ON UPDATE CURRENT_TIMESTAMP,
  `user_bearer_token` varchar(500) CHARACTER SET utf8mb4 COLLATE utf8mb4_general_ci NOT NULL,
  PRIMARY KEY (`user_id`)
) ENGINE=InnoDB AUTO_INCREMENT=2 DEFAULT CHARSET=utf8mb4 COLLATE=utf8mb4_general_ci;
/*!40101 SET character_set_client = @saved_cs_client */;

--
-- Dumping data for table `user_management`
--

LOCK TABLES `user_management` WRITE;
/*!40000 ALTER TABLE `user_management` DISABLE KEYS */;
INSERT INTO `user_management` VALUES (1,1,1,'celebdigital','AA1DE999B6B65D2','celebdigital','e58a3754522a05c1ff4d231f8e8cc1bd','arun@yeejai.com','8888888888','Y','2025-02-15 04:53:44','-');
/*!40000 ALTER TABLE `user_management` ENABLE KEYS */;
UNLOCK TABLES;

--
-- Table structure for table `user_master`
--

DROP TABLE IF EXISTS `user_master`;
/*!40101 SET @saved_cs_client     = @@character_set_client */;
/*!50503 SET character_set_client = utf8mb4 */;
CREATE TABLE `user_master` (
  `user_master_id` int NOT NULL AUTO_INCREMENT,
  `user_type` varchar(15) NOT NULL,
  `user_title` varchar(15) NOT NULL,
  `user_master_status` char(1) NOT NULL,
  `um_entry_date` timestamp NOT NULL DEFAULT '0000-00-00 00:00:00',
  PRIMARY KEY (`user_master_id`)
) ENGINE=InnoDB AUTO_INCREMENT=3 DEFAULT CHARSET=utf8mb3;
/*!40101 SET character_set_client = @saved_cs_client */;

--
-- Dumping data for table `user_master`
--

LOCK TABLES `user_master` WRITE;
/*!40000 ALTER TABLE `user_master` DISABLE KEYS */;
INSERT INTO `user_master` VALUES (1,'Super Admin','Super Admin','Y','2021-12-14 02:01:00'),(2,'Visitor','Visitor','Y','2021-12-14 02:01:04');
/*!40000 ALTER TABLE `user_master` ENABLE KEYS */;
UNLOCK TABLES;

--
-- Table structure for table `visitor_list`
--

DROP TABLE IF EXISTS `visitor_list`;
/*!40101 SET @saved_cs_client     = @@character_set_client */;
/*!50503 SET character_set_client = utf8mb4 */;
CREATE TABLE `visitor_list` (
  `visitor_list_id` int NOT NULL AUTO_INCREMENT,
  `store_id` int NOT NULL,
  `customer_id` int DEFAULT NULL,
  `camera_id` int NOT NULL,
  `visitor_gender` char(1) DEFAULT NULL,
  `min_age` varchar(10) DEFAULT NULL,
  `max_age` varchar(10) DEFAULT NULL,
  `age_category` varchar(10) DEFAULT NULL,
  `aws_faceid` varchar(50) DEFAULT NULL,
  `visitor_id` varchar(25) DEFAULT NULL,
  `visitor_list_status` char(1) NOT NULL,
  `visitor_list_entdate` timestamp NOT NULL DEFAULT '0000-00-00 00:00:00',
  PRIMARY KEY (`visitor_list_id`),
  KEY `store_id` (`store_id`,`customer_id`,`camera_id`),
  KEY `store_id_2` (`store_id`,`customer_id`,`camera_id`),
  KEY `visitor_list_id` (`visitor_list_id`,`visitor_list_entdate`),
  KEY `visitor_list_id_2` (`visitor_list_id`,`store_id`,`customer_id`,`camera_id`,`visitor_id`,`visitor_list_entdate`)
) ENGINE=InnoDB AUTO_INCREMENT=17 DEFAULT CHARSET=utf8mb3;
/*!40101 SET character_set_client = @saved_cs_client */;

--
-- Dumping data for table `visitor_list`
--

LOCK TABLES `visitor_list` WRITE;
/*!40000 ALTER TABLE `visitor_list` DISABLE KEYS */;
/*!40000 ALTER TABLE `visitor_list` ENABLE KEYS */;
UNLOCK TABLES;

--
-- Table structure for table `visitor_list_runtime`
--

DROP TABLE IF EXISTS `visitor_list_runtime`;
/*!40101 SET @saved_cs_client     = @@character_set_client */;
/*!50503 SET character_set_client = utf8mb4 */;
CREATE TABLE `visitor_list_runtime` (
  `vl_runtime_id` int NOT NULL AUTO_INCREMENT,
  `store_id` int NOT NULL,
  `camera_id` int NOT NULL,
  `visitor_gender` varchar(15) DEFAULT NULL,
  `visitor_gender_confidence` float NOT NULL,
  `min_age` varchar(10) DEFAULT NULL,
  `max_age` varchar(10) DEFAULT NULL,
  `aws_faceid` varchar(50) DEFAULT NULL,
  `visitor_list_status` char(1) NOT NULL,
  `visitor_list_entdate` timestamp NOT NULL DEFAULT '0000-00-00 00:00:00',
  PRIMARY KEY (`vl_runtime_id`),
  KEY `store_id` (`store_id`,`camera_id`),
  KEY `vl_runtime_id` (`vl_runtime_id`,`store_id`,`camera_id`,`aws_faceid`,`visitor_list_entdate`)
) ENGINE=InnoDB AUTO_INCREMENT=1064 DEFAULT CHARSET=utf8mb3;
/*!40101 SET character_set_client = @saved_cs_client */;

--
-- Dumping data for table `visitor_list_runtime`
--

LOCK TABLES `visitor_list_runtime` WRITE;
/*!40000 ALTER TABLE `visitor_list_runtime` DISABLE KEYS */;
/*!40000 ALTER TABLE `visitor_list_runtime` ENABLE KEYS */;
UNLOCK TABLES;
/*!40103 SET TIME_ZONE=@OLD_TIME_ZONE */;

/*!40101 SET SQL_MODE=@OLD_SQL_MODE */;
/*!40014 SET FOREIGN_KEY_CHECKS=@OLD_FOREIGN_KEY_CHECKS */;
/*!40014 SET UNIQUE_CHECKS=@OLD_UNIQUE_CHECKS */;
/*!40101 SET CHARACTER_SET_CLIENT=@OLD_CHARACTER_SET_CLIENT */;
/*!40101 SET CHARACTER_SET_RESULTS=@OLD_CHARACTER_SET_RESULTS */;
/*!40101 SET COLLATION_CONNECTION=@OLD_COLLATION_CONNECTION */;
/*!40111 SET SQL_NOTES=@OLD_SQL_NOTES */;

-- Dump completed on 2025-02-15 11:14:36
